frame,shoulder_angle,hip_angle,elbow_angle,wrist_x,wrist_y,club_x,club_y,club_plane_score,wrist_vx,wrist_vy,club_vx,club_vy,club_speed
0,4.0390727208764625,149.6772877847939,8.006622734451863,0.35464754700660706,0.5763240456581116,0.333640918135643,0.5764765739440918,0.044878585787516245,0.0,0.0,0.0,0.0,0.0
1,4.77116933764207,150.81884666777614,8.368468626234165,0.35627585649490356,0.5761710405349731,0.33440250158309937,0.5763990581035614,0.05301299264046733,0.0016283094882965088,-0.00015300512313842773,0.0007615834474563599,-7.751584053039551e-05,0.0007655181597928607
2,5.342403958730298,151.95795466039178,7.4062065126228855,0.35626208782196045,0.5760720372200012,0.3311757296323776,0.576586902141571,0.05936004398589223,-1.3768672943115234e-05,-9.900331497192383e-05,-0.0032267719507217407,0.00018784403800964355,0.003232234924101334
3,5.876825005314035,153.55095648459525,7.198681050204149,0.3562486469745636,0.575958788394928,0.3321985751390457,0.5750208497047424,0.06529805561460034,-1.3440847396850586e-05,-0.00011324882507324219,0.0010228455066680908,-0.0015660524368286133,0.0018704900869579452
4,5.329036587066207,154.1755946862935,6.289870697485556,0.35664328932762146,0.5755459666252136,0.3303023874759674,0.5751612186431885,0.059211517634069066,0.00039464235305786133,-0.00041282176971435547,-0.001896187663078308,0.00014036893844604492,0.0019013761049542104
5,5.011001062726853,155.3111773052932,5.270146622780025,0.3596818149089813,0.5745977163314819,0.3302229046821594,0.5750317871570587,0.0556777895858539,0.0030385255813598633,-0.0009482502937316895,-7.94827938079834e-05,-0.00012943148612976074,0.000151888196095947
6,4.4326935760800525,156.75430835088275,4.554443995615597,0.36141201853752136,0.5739182829856873,0.33071351051330566,0.574706643819809,0.049252150845333964,0.001730203628540039,-0.0006794333457946777,0.0004906058311462402,-0.00032514333724975586,0.0005885679835945901
7,3.077850128661764,158.49680370419554,7.176763131948784,0.36829742789268494,0.5727803707122803,0.33828459680080414,0.5734700858592987,0.034198334762908456,0.006885409355163574,-0.0011379122734069824,0.007571086287498474,-0.001236557960510254,0.0076714029461662815
8,1.8354317730464578,159.68508321533625,12.407046665129151,0.372720330953598,0.5726155042648315,0.3446829319000244,0.5729934871196747,0.02039368636718275,0.004422903060913086,-0.00016486644744873047,0.006398335099220276,-0.00047659873962402344,0.006416060972319804
9,2.0998298437770853,160.5764900139104,14.88223271608397,0.3748685121536255,0.5725939869880676,0.3528682142496109,0.5705030560493469,0.023331442708634298,0.002148181200027466,-2.1517276763916016e-05,0.008185282349586487,-0.002490431070327759,0.008555763791649811
10,2.8936725778805283,161.59244678047116,13.529953696874866,0.3765698969364166,0.5726085901260376,0.3518953323364258,0.570368081331253,0.03215191753200586,0.0017013847827911377,1.4603137969970703e-05,-0.0009728819131851196,-0.00013497471809387207,0.0009822002807611382
11,2.3882889534940053,163.93910985992534,13.838100081258624,0.378618061542511,0.5733138918876648,0.35187315940856934,0.5706645250320435,0.02653654392771121,0.0020481646060943604,0.0007053017616271973,-2.2172927856445312e-05,0.0002964437007904053,0.0002972717720673096
12,2.9140289138906037,164.96185528005068,13.053960948471845,0.37965714931488037,0.5769138336181641,0.3517608493566513,0.5726770758628845,0.03237809904322897,0.0010390877723693848,0.0035999417304992676,-0.00011231005191802979,0.0020125508308410645,0.0020156821164263204
13,2.439905919953402,166.32320432231876,12.66184344282859,0.3808842897415161,0.5818803310394287,0.353901669383049,0.5752024054527283,0.02711006577726005,0.0012271404266357422,0.0049664974212646484,0.002140820026397705,0.00252532958984375,0.003310649471443009
14,2.1252204561138797,167.9881569337152,11.20361974067674,0.3809715509414673,0.5850839614868164,0.35123057663440704,0.5768220126628876,0.023613560623487517,8.726119995117188e-05,0.0032036304473876953,-0.0026710927486419678,0.0016196072101593018,0.0031237579911138603
15,2.107071110284834,170.76334062215338,9.334001304452467,0.37800392508506775,0.5884460210800171,0.34310369193553925,0.5861620604991913,0.023411901225387055,-0.002967625856399536,0.0033620595932006836,-0.008126884698867798,0.009340047836303711,0.012380741031664186
16,0.8268834819262934,175.45511455559227,11.876944495946182,0.3745022714138031,0.5931270122528076,0.3450964093208313,0.5874737501144409,0.009187594243625474,-0.0035016536712646484,0.004680991172790527,0.0019927173852920532,0.0013116896152496338,0.002385676471024294
17,0.3032812135030924,179.07352258869957,14.682234708446575,0.37070727348327637,0.5974813103675842,0.34954288601875305,0.5899197161197662,0.0033697912611455605,-0.0037949979305267334,0.004354298114776611,0.004446476697921753,0.0024459660053253174,0.005074830511885912
18,0.7241154800409627,179.22499228252946,13.826758742184909,0.36836424469947815,0.602047860622406,0.34807875752449036,0.5934596955776215,0.00804572755601074,-0.0023430287837982178,0.004566550254821777,-0.0014641284942626953,0.0035399794578552246,0.0038308128131962957
19,2.548566710826747,179.11166452354448,13.574281015182793,0.3640550971031189,0.6056607365608215,0.3461291044950485,0.5957103967666626,0.02831740789807502,-0.004309147596359253,0.0036128759384155273,-0.0019496530294418335,0.0022507011890411377,0.00297771771287389
20,2.0010162574196078,179.96952839522157,15.050486972132896,0.3589828610420227,0.608522355556488,0.34327566623687744,0.597213864326477,0.022233513971329,-0.005072236061096191,0.002861618995666504,-0.0028534382581710815,0.0015034675598144531,0.00322529449765581
21,1.9842290180614248,179.78052680542922,13.933189098800216,0.35883957147598267,0.6115346550941467,0.3430642634630203,0.6010507345199585,0.022046989089571367,-0.00014328956604003906,0.0030122995376586914,-0.0002114027738571167,0.0038368701934814453,0.003842689684897914
22,4.689477054495835,175.20964116218852,14.576589022328653,0.3591475486755371,0.6134015321731567,0.3445500284433365,0.6025702059268951,0.05210530060550933,0.00030797719955444336,0.0018668770790100098,0.0014857649803161621,0.0015194714069366455,0.0021251566843957445
23,7.191679053466216,171.25486783502214,17.03285978461102,0.35868385434150696,0.6146020293235779,0.34508436918258667,0.6045241355895996,0.0799075450385135,-0.00046369433403015137,0.0012004971504211426,0.0005343407392501831,0.0019539296627044678,0.0020256754805296003
24,5.983821249517272,171.10847452089592,17.103923789776676,0.35893747210502625,0.6165936589241028,0.34498873353004456,0.6059465110301971,0.0664869027724142,0.0002536177635192871,0.0019916296005249023,-9.563565254211426e-05,0.0014223754405975342,0.0014255869219560711
25,5.856841384725163,172.9424804676715,17.071214953191124,0.3589996099472046,0.6181473135948181,0.3450770825147629,0.6080111861228943,0.06507601538583507,6.213784217834473e-05,0.001553654670715332,8.834898471832275e-05,0.0020646750926971436,0.0020665644876230495
26,7.729762248780113,174.66020951277278,16.857844847105238,0.3591516315937042,0.6186395883560181,0.34657587110996246,0.6077737212181091,0.085886247208668,0.0001520216464996338,0.0004922747611999512,0.001498788595199585,-0.00023746490478515625,0.0015174837179044026
27,9.449991131819086,175.57371458309797,21.034751047514675,0.3599916398525238,0.6201393008232117,0.3497694283723831,0.6086708009243011,0.10499990146465654,0.0008400082588195801,0.0014997124671936035,0.0031935572624206543,0.0008970797061920166,0.0033171614352667943
28,8.475249918536987,174.509527214214,22.71304418370284,0.36147329211235046,0.6215073466300964,0.35228194296360016,0.6113335192203522,0.0941694435392999,0.0014816522598266602,0.0013680458068847656,0.002512514591217041,0.0026627182960510254,0.00366098324159008
29,7.754528765587496,173.4794000040992,24.138983642232684,0.36379504203796387,0.6225755214691162,0.3553190231323242,0.6124662160873413,0.08616143072874993,0.0023217499256134033,0.0010681748390197754,0.00303708016872406,0.0011326968669891357,0.0032414284110163483
30,7.30036786357703,170.4253953556455,23.11111029975955,0.3661981225013733,0.6235049962997437,0.358105331659317,0.6134859323501587,0.08111519848418935,0.002403080463409424,0.0009294748306274414,0.002786308526992798,0.0010197162628173828,0.002967041702478586
31,6.523153751814379,167.72015189356875,22.009493811286344,0.36828240752220154,0.6230593919754028,0.35910995304584503,0.612705796957016,0.07247948613127086,0.002084285020828247,-0.0004456043243408203,0.0010046213865280151,-0.0007801353931427002,0.0012719572956288222
32,5.791291470072914,166.69962377712162,20.852968154454043,0.37032628059387207,0.6231187582015991,0.3598081171512604,0.6125056445598602,0.06434768300081017,0.0020438730716705322,5.936622619628906e-05,0.0006981641054153442,-0.00020015239715576172,0.0007262878907001037
33,5.130029352319252,166.79659516707162,20.14083150279309,0.3701591491699219,0.622524082660675,0.35943281650543213,0.612182229757309,0.057000326136880664,-0.0001671314239501953,-0.0005946755409240723,-0.00037530064582824707,-0.00032341480255126953,0.0004954267950649985
34,6.755778615543452,167.46504342524145,21.31310017609281,0.3700423538684845,0.622307538986206,0.35944800078868866,0.6118646562099457,0.07506420683937165,-0.00011679530143737793,-0.00021654367446899414,1.5184283256530762e-05,-0.00031757354736328125,0.0003179363465269625
35,6.019886146048007,167.7442724348061,20.844967766175962,0.3696286678314209,0.6220853924751282,0.3590842932462692,0.6116179525852203,0.06688762384497793,-0.00041368603706359863,-0.00022214651107788086,-0.0003637075424194336,-0.0002467036247253418,0.0004394836229774738
36,8.722242076186344,169.208536996507,20.319656870732256,0.3687264919281006,0.621881365776062,0.3587608337402344,0.6111778020858765,0.09691380084651502,-0.0009021759033203125,-0.0002040266990661621,-0.0003234595060348511,-0.00044015049934387207,0.0005462220373776307
37,9.921238967045179,170.2180102720418,18.490002091459818,0.36844784021377563,0.6223704814910889,0.3586224764585495,0.6116423010826111,0.11023598852272432,-0.00027865171432495117,0.0004891157150268555,-0.0001383572816848755,0.00046449899673461914,0.00048466695303341626
38,10.644840544822143,171.28305412957792,16.745352954089,0.3680477440357208,0.6225640773773193,0.3573295921087265,0.6123085618019104,0.11827600605357935,-0.00040009617805480957,0.00019359588623046875,-0.001292884349822998,0.0006662607192993164,0.0014544597925341487
39,9.229193569709091,171.35641226961584,15.560085336831868,0.3679420053958893,0.6240254640579224,0.3543629050254822,0.6137098371982574,0.10254659521899001,-0.00010573863983154297,0.0014613866806030273,-0.0029666870832443237,0.001401275396347046,0.0032809762245856466
40,8.109845786925051,172.6377886605705,13.56621170729784,0.3680902123451233,0.6264867186546326,0.3524419814348221,0.6154004037380219,0.09010939763250059,0.0001482069492340088,0.002461254596710205,-0.0019209235906600952,0.0016905665397644043,0.002558898721427924
41,7.665953623394313,172.70599322588012,10.817623489812352,0.3673817813396454,0.6273934841156006,0.34908196330070496,0.6170773208141327,0.08517726248215907,-0.0007084310054779053,0.0009067654609680176,-0.0033600181341171265,0.0016769170761108398,0.003755232714725955
42,6.217447443033599,172.63111431463648,6.73022798552987,0.3675229549407959,0.6306365132331848,0.34779639542102814,0.6196558773517609,0.06908274936703995,0.0001411736011505127,0.0032430291175842285,-0.0012855678796768188,0.002578556537628174,0.002881256425763203
43,3.6207987314955026,171.23884160608395,8.849023253021969,0.3665319085121155,0.6318655014038086,0.3456152379512787,0.6210092604160309,0.040231097016616646,-0.00099104642868042,0.0012289881706237793,-0.0021811574697494507,0.0013533830642700195,0.0025669229880338706
44,2.7560554647810034,171.70092666237412,10.58261535866323,0.36571580171585083,0.6339374780654907,0.34581027925014496,0.6229158937931061,0.03062283849756664,-0.0008161067962646484,0.002071976661682129,0.00019504129886627197,0.0019066333770751953,0.0019165834035701672
45,1.9463671780631102,171.71275027720338,11.983381638276224,0.3631819784641266,0.6339840292930603,0.3448827862739563,0.6238545477390289,0.021626301978479034,-0.002533823251724243,4.655122756958008e-05,-0.0009274929761886597,0.0009386539459228516,0.001319588743160473
46,1.0412529568870865,171.94458347473733,13.587679231951697,0.36256492137908936,0.6345848441123962,0.344652995467186,0.6251701712608337,0.011569477298745467,-0.0006170570850372314,0.0006008148193359375,-0.0002297908067703247,0.0013156235218048096,0.0013355407391772993
47,0.3970005182700273,171.88814129152465,13.162950074215477,0.36236807703971863,0.6349337697029114,0.34313592314720154,0.6260697841644287,0.004411116869666998,-0.00019684433937072754,0.0003489255905151367,-0.001517072319984436,0.0008996129035949707,0.0017637493587178235
48,1.3544474063736995,171.90589803108455,10.410712786032159,0.3619086742401123,0.6345823407173157,0.3414684534072876,0.6261304914951324,0.015049415626374407,-0.00045940279960632324,-0.0003514289855957031,-0.0016674697399139404,6.070733070373535e-05,0.0016685744554948206
49,1.554443418264331,172.38474350147982,10.708959022433183,0.36191660165786743,0.6347065567970276,0.3417666256427765,0.6260020136833191,0.01727159353627028,7.927417755126953e-06,0.00012421607971191406,0.0002981722354888916,-0.0001284778118133545,0.00032467403675808567
50,2.1443386202217147,172.7052437747261,10.910807243881562,0.3622780442237854,0.6348751187324524,0.3435094356536865,0.6265018880367279,0.023825984669130218,0.00036144256591796875,0.0001685619354248047,0.0017428100109100342,0.0004998743534088135,0.0018130805562147846
51,3.7221464649678473,174.13047866007267,11.427346984015898,0.36275091767311096,0.6348395943641663,0.34301213920116425,0.6265728771686554,0.04135718294408719,0.0004728734493255615,-3.552436828613281e-05,-0.0004972964525222778,7.098913192749023e-05,0.0005023377534518591
52,5.324285353733152,175.68817170384872,10.942822253641312,0.36313414573669434,0.6347286701202393,0.34248363971710205,0.6263260245323181,0.059158726152590546,0.000383228063583374,-0.00011092424392700195,-0.0005284994840621948,-0.0002468526363372803,0.0005833077478661429
53,5.459623585778686,176.32877060002588,11.760229179955628,0.36406275629997253,0.6346358060836792,0.3442378044128418,0.6261706054210663,0.06066248428642984,0.0009286105632781982,-9.28640365600586e-05,0.001754164695739746,-0.00015541911125183105,0.0017610363085189427
54,6.394489720190648,176.0082568303893,10.71803440047372,0.3649463355541229,0.6338241100311279,0.3437988609075546,0.625423401594162,0.07104988577989613,0.0008835792541503906,-0.0008116960525512695,-0.0004389435052871704,-0.0007472038269042969,0.0008665938839930817
55,6.438201975198347,177.4706201971201,9.51100509608861,0.36801445484161377,0.6338933110237122,0.3475489914417267,0.6253363788127899,0.07153557750220396,0.0030681192874908447,6.920099258422852e-05,0.003750130534172058,-8.702278137207031e-05,0.0037511400917330903
56,7.217446483606021,176.11153777435143,6.225853027921261,0.36917752027511597,0.6337293982505798,0.34701311588287354,0.6245976686477661,0.08019384981784472,0.0011630654335021973,-0.00016391277313232422,-0.0005358755588531494,-0.0007387101650238037,0.0009126090742950513
57,6.552045645765352,175.92996805329145,5.444324091561353,0.37076881527900696,0.6337153911590576,0.35022349655628204,0.6242326498031616,0.0728005071751705,0.0015912950038909912,-1.4007091522216797e-05,0.0032103806734085083,-0.0003650188446044922,0.0032310652771355866
58,6.261254932898252,172.86507371309875,5.971128564233644,0.37243178486824036,0.6334812641143799,0.35104499757289886,0.6236301958560944,0.06956949925442502,0.0016629695892333984,-0.00023412704467773438,0.0008215010166168213,-0.0006024539470672607,0.0010187318973308888
59,5.895383385624489,172.02967450738112,6.96347759374292,0.37383556365966797,0.6326494812965393,0.35322244465351105,0.6230671107769012,0.06550425984027208,0.0014037787914276123,-0.0008317828178405762,0.0021774470806121826,-0.0005630850791931152,0.002249075497904958
60,6.224756072930682,171.24525304671653,6.845814911454591,0.375658243894577,0.6314639449119568,0.3540942221879959,0.6222794950008392,0.06916395636589656,0.0018226802349090576,-0.0011855363845825195,0.0008717775344848633,-0.0007876157760620117,0.0011748764532214747
61,6.91767277627268,169.41055878865578,5.510188553387686,0.3767072856426239,0.6298679709434509,0.34804829955101013,0.6202677190303802,0.07686303084747426,0.001049041748046875,-0.0015959739685058594,-0.006045922636985779,-0.0020117759704589844,0.006371846128692474
62,6.8742718828978076,169.24404415358913,4.494164784449278,0.3784302771091461,0.6297478079795837,0.34903256595134735,0.620264321565628,0.0763807986988645,0.0017229914665222168,-0.0001201629638671875,0.0009842664003372192,-3.3974647521972656e-06,0.0009842722639592815
63,6.54293517453519,168.79793211758306,6.102780698542113,0.3796186149120331,0.6295167207717896,0.3535027503967285,0.6201910078525543,0.0726992797170577,0.0011883378028869629,-0.00023108720779418945,0.0044701844453811646,-7.331371307373047e-05,0.004470785599450321
64,5.563011681677742,168.81172838861826,8.043135188502317,0.3796776235103607,0.629066526889801,0.35557231307029724,0.6198170781135559,0.06181124090753043,5.900859832763672e-05,-0.0004501938819885254,0.0020695626735687256,-0.0003739297389984131,0.0021030723024985025
65,4.946626511091014,167.88478984120377,8.295958737023302,0.3797985911369324,0.6288887858390808,0.3586665093898773,0.6195951104164124,0.05496251678990016,0.00012096762657165527,-0.00017774105072021484,0.003094196319580078,-0.0002219676971435547,0.0031021477274104973
66,4.595515890513052,168.11382987861245,8.62770887492454,0.3797791302204132,0.6293905377388,0.3602074682712555,0.6200969815254211,0.051061287672367284,-1.946091651916504e-05,0.0005017518997192383,0.0015409588813781738,0.0005018711090087891,0.0016206260778341144
67,4.585905200360755,168.23047310678587,8.332535480415864,0.3796847462654114,0.6301466822624207,0.3598717898130417,0.6207069754600525,0.05095450222623066,-9.438395500183105e-05,0.0007561445236206055,-0.00033567845821380615,0.0006099939346313477,0.0006962561508495497
68,4.632909278730067,167.0792289268683,8.684829503665577,0.3796241581439972,0.6310737729072571,0.3599185645580292,0.6218874752521515,0.05147676976366744,-6.058812141418457e-05,0.0009270906448364258,4.677474498748779e-05,0.001180499792098999,0.001181426102604147
69,5.256891718936671,166.45209915117204,8.051517374308121,0.3795218765735626,0.632221519947052,0.358282670378685,0.6224623620510101,0.05840990798818524,-0.00010228157043457031,0.0011477470397949219,-0.0016358941793441772,0.0005748867988586426,0.0017339678767249688
70,5.630165850389171,165.9732113802992,7.629431807042755,0.3794479966163635,0.634465217590332,0.3573229908943176,0.624226838350296,0.0625573983376575,-7.387995719909668e-05,0.0022436976432800293,-0.0009596794843673706,0.0017644762992858887,0.0020085719612344607
71,5.858358375125145,165.93727048712793,8.017510562307532,0.3794057369232178,0.6381874680519104,0.35697972774505615,0.6279027462005615,0.06509287083472393,-4.225969314575195e-05,0.003722250461578369,-0.0003432631492614746,0.003675907850265503,0.003691900339023855
72,6.17186842847552,165.0566540216769,9.287976868552748,0.37921473383903503,0.639552652835846,0.3568390905857086,0.6298512816429138,0.06857631587195023,-0.00019100308418273926,0.0013651847839355469,-0.00014063715934753418,0.001948535442352295,0.001953604151483201
73,6.673935544600121,163.27888493480233,9.94252161803335,0.37811851501464844,0.6403225064277649,0.35542361438274384,0.6307986378669739,0.07415483938444589,-0.0010962188243865967,0.0007698535919189453,-0.0014154762029647827,0.0009473562240600586,0.0017032488650884023
74,7.0910590467873496,163.01983144516132,8.692264380485126,0.3778126835823059,0.6419808268547058,0.3525751084089279,0.6317014098167419,0.0787895449643039,-0.0003058314323425293,0.001658320426940918,-0.002848505973815918,0.0009027719497680664,0.002988140471288625
75,7.465778456116761,162.3685557481525,8.51471149328829,0.3777594268321991,0.6434718370437622,0.35089127719402313,0.6326168477535248,0.08295309395685291,-5.3256750106811523e-05,0.0014910101890563965,-0.0016838312149047852,0.0009154379367828369,0.0019165892038694526
76,7.398585322752251,162.75128722503865,8.865606284088322,0.377724289894104,0.6434621214866638,0.3517604023218155,0.6332032978534698,0.08220650358613613,-3.5136938095092773e-05,-9.715557098388672e-06,0.0008691251277923584,0.0005864500999450684,0.0010484761358684632
77,7.469755000304905,163.42897101000116,8.88845714728854,0.3770362138748169,0.6430140733718872,0.3515508323907852,0.6329246163368225,0.08299727778116561,-0.0006880760192871094,-0.00044804811477661133,-0.00020956993103027344,-0.00027868151664733887,0.0003486874584967096
78,7.363571994717821,164.53934709950786,9.026398771952948,0.37654900550842285,0.6426792144775391,0.3514050096273422,0.6326212882995605,0.08181746660797573,-0.00048720836639404297,-0.00033485889434814453,-0.00014582276344299316,-0.0003033280372619629,0.0003365593209634015
79,7.1963495059856895,166.14460355598237,11.395621379486462,0.37647294998168945,0.6426385641098022,0.3533848375082016,0.6325424313545227,0.07995943895539659,-7.605552673339844e-05,-4.0650367736816406e-05,0.001979827880859375,-7.88569450378418e-05,0.001981397702534457
80,6.957573624708819,167.3732981588841,12.937647165145192,0.3770734667778015,0.644004225730896,0.3558172285556793,0.6335418522357941,0.07730637360787573,0.0006005167961120605,0.00136566162109375,0.002432391047477722,0.0009994208812713623,0.002629708787255919
81,6.6205599976189875,166.82938502519468,14.661622326564345,0.3770676255226135,0.6437578797340393,0.35759003460407257,0.6333513259887695,0.073561777751322,-5.841255187988281e-06,-0.00024634599685668945,0.0017728060483932495,-0.00019052624702453613,0.0017830147324194893
82,6.095006101674312,166.92962260539315,15.79689486190252,0.37705448269844055,0.6436991095542908,0.35954444110393524,0.6332957744598389,0.06772229001860353,-1.3142824172973633e-05,-5.8770179748535156e-05,0.001954406499862671,-5.555152893066406e-05,0.001955195831386716
83,5.681160374579158,166.81114458290122,16.676752277277885,0.37704533338546753,0.6435511708259583,0.3604007959365845,0.6329975426197052,0.06312400416199071,-9.149312973022461e-06,-0.00014793872833251953,0.000856354832649231,-0.000298231840133667,0.0009067997738592602
84,5.267813009808497,167.4489314856136,19.15626123273782,0.37711405754089355,0.6434608697891235,0.3624861091375351,0.6329269707202911,0.05853125566453876,6.872415542602539e-05,-9.03010368347168e-05,0.0020853132009506226,-7.05718994140625e-05,0.0020865070186907686
85,5.2057330072147145,168.07818881432917,18.52597706689129,0.3770240247249603,0.642810046672821,0.3621474653482437,0.6324908137321472,0.05784147785794136,-9.003281593322754e-05,-0.0006508231163024902,-0.00033864378929138184,-0.0004361569881439209,0.0005521888574866413
86,5.286181872216335,168.66843315680876,17.782636217782173,0.3770189881324768,0.6421988606452942,0.3618573695421219,0.6318120360374451,0.05873535413573705,-5.036592483520508e-06,-0.0006111860275268555,-0.00029009580612182617,-0.0006787776947021484,0.0007381698554903439
87,5.649934064156686,169.64894433903612,17.4106650755085,0.3770272731781006,0.6419601440429688,0.3615587651729584,0.6315148770809174,0.06277704515729643,8.285045623779297e-06,-0.00023871660232543945,-0.0002986043691635132,-0.00029715895652770996,0.00042126952741466727
88,5.983313197764009,170.16005714148253,17.290288479083983,0.3770333230495453,0.641625165939331,0.36135144531726837,0.6312784254550934,0.06648125775293334,6.0498714447021484e-06,-0.0003349781036376953,-0.00020731985569000244,-0.0002364516258239746,0.0003144692257091691
89,6.112545187058747,170.506455361232,17.00404591512164,0.37702229619026184,0.6415969133377075,0.36123764514923096,0.6313194930553436,0.06791716874509712,-1.1026859283447266e-05,-2.8252601623535156e-05,-0.00011380016803741455,4.106760025024414e-05,0.00012098357754529183
90,6.048013351072389,170.74096298527243,16.60513328010141,0.37671223282814026,0.641579806804657,0.36093969643116,0.6313869059085846,0.06720014834524868,-0.00031006336212158203,-1.710653305053711e-05,-0.0002979487180709839,6.74128532409668e-05,0.0003054798379308048
91,6.223603402730408,170.60473805878695,16.432334090175765,0.3766799569129944,0.6417782306671143,0.3610408157110214,0.631972461938858,0.06915114891922669,-3.2275915145874023e-05,0.0001984238624572754,0.0001011192798614502,0.0005855560302734375,0.0005942229996804947
92,6.405455942543394,170.56689268859114,15.93602649277553,0.3764837682247162,0.6420117020606995,0.36085274815559387,0.6325540542602539,0.0711717326949266,-0.00019618868827819824,0.00023347139358520508,-0.00018806755542755127,0.000581592321395874,0.0006112438414504777
93,6.720651659172984,170.18205399507056,15.348882925593976,0.3752085566520691,0.6420242190361023,0.36016030609607697,0.6329518854618073,0.07467390732414425,-0.0012752115726470947,1.2516975402832031e-05,-0.0006924420595169067,0.0003978312015533447,0.0007985898012856121
94,7.128111235693968,169.44024195367535,14.657545681594536,0.37378430366516113,0.642756998538971,0.3591047525405884,0.6338216662406921,0.07920123595215511,-0.001424252986907959,0.0007327795028686523,-0.0010555535554885864,0.0008697807788848877,0.0013677397090902195
95,7.401805916300658,168.72940687233762,13.932231374558643,0.3702746033668518,0.6427347660064697,0.3562421351671219,0.6339109539985657,0.08224228795889621,-0.003509700298309326,-2.2232532501220703e-05,-0.0028626173734664917,8.928775787353516e-05,0.002864009519987369
96,7.62739280105925,168.05958584537265,13.709764498828019,0.3681492805480957,0.6427207589149475,0.35466524958610535,0.6340939104557037,0.08474880890065828,-0.0021253228187561035,-1.4007091522216797e-05,-0.0015768855810165405,0.00018295645713806152,0.0015874637636262392
97,7.75871363824473,166.99333892389876,13.741193646264518,0.3677263855934143,0.6428104043006897,0.3540662080049515,0.6342936158180237,0.08620792931383037,-0.0004228949546813965,8.96453857421875e-05,-0.0005990415811538696,0.0001997053623199463,0.0006314531239060182
98,7.813345077098473,166.2972724817576,14.240910472305844,0.36785340309143066,0.6431043744087219,0.35447777807712555,0.6345972120761871,0.08681494530109413,0.00012701749801635742,0.00029397010803222656,0.00041157007217407227,0.00030359625816345215,0.0005114299681092423
99,7.849380969426649,166.12187742980976,14.920814554405254,0.36856240034103394,0.6430870294570923,0.3561207950115204,0.6345601379871368,0.08721534410474052,0.0007089972496032715,-1.7344951629638672e-05,0.0016430169343948364,-3.707408905029297e-05,0.0016434351629398452
100,7.753553098695463,166.20090311271227,15.526580995529125,0.37094855308532715,0.6431296467781067,0.35883496701717377,0.6346217691898346,0.08615058998550518,0.002386152744293213,4.26173210144043e-05,0.0027141720056533813,6.16312026977539e-05,0.002714871651002763
101,7.681609402188811,166.79591373662015,16.09513675388372,0.3745971620082855,0.6431190967559814,0.36103323101997375,0.6346322596073151,0.08535121557987568,0.003648608922958374,-1.055002212524414e-05,0.002198264002799988,1.049041748046875e-05,0.0021982890335133683
102,7.730168288874054,167.08620385933418,17.011388927356304,0.37840771675109863,0.6426143050193787,0.36377979815006256,0.6343685686588287,0.0858907587652673,0.0038105547428131104,-0.0005047917366027832,0.002746567130088806,-0.0002636909484863281,0.0027591962446331868
103,7.989801163243977,167.5741468750778,17.431166223300337,0.38538238406181335,0.6422799825668335,0.36923396587371826,0.6341687142848969,0.08877556848048873,0.006974667310714722,-0.000334322452545166,0.005454167723655701,-0.00019985437393188477,0.005457828077958055
104,8.414064032593615,167.9762469601674,17.84899053329393,0.3932071328163147,0.6423389315605164,0.37418755888938904,0.6337747871875763,0.09348960036215126,0.007824748754501343,5.894899368286133e-05,0.004953593015670776,-0.00039392709732055664,0.004969231562616669
105,8.620890894921914,168.3235227481909,18.311757744230743,0.39807072281837463,0.6416104435920715,0.3773655295372009,0.6324904561042786,0.09578767661024346,0.0048635900020599365,-0.0007284879684448242,0.0031779706478118896,-0.0012843310832977295,0.0034276819820220545
106,8.853690953503088,168.6704408246554,13.893109268727718,0.4025496244430542,0.6416135430335999,0.3724709153175354,0.6302626729011536,0.09837434392781208,0.004478901624679565,3.0994415283203125e-06,-0.004894614219665527,-0.002227783203125,0.005377756628881402
107,8.889056109627202,168.97819804390863,15.157183729839037,0.4054708182811737,0.6422801613807678,0.37578655779361725,0.6308412253856659,0.09876729010696894,0.002921193838119507,0.0006666183471679688,0.003315642476081848,0.0005785524845123291,0.0033657403355775322
108,8.759575323933733,169.08725327917105,17.170519633514164,0.40642377734184265,0.6422814726829529,0.3814145177602768,0.6309098601341248,0.0973286147103748,0.0009529590606689453,1.3113021850585938e-06,0.005627959966659546,6.86347484588623e-05,0.0056283784623120834
109,8.711188376388414,169.2401039507037,18.31372520212921,0.4061826467514038,0.6423101425170898,0.3810426741838455,0.6310396194458008,0.09679098195987124,-0.00024113059043884277,2.866983413696289e-05,-0.0003718435764312744,0.0001297593116760254,0.0003938338790655737
110,8.73353165631027,169.30388418480976,18.556943038097785,0.40482184290885925,0.641697883605957,0.37872935831546783,0.6304113566875458,0.09703924062566971,-0.0013608038425445557,-0.0006122589111328125,-0.0023133158683776855,-0.0006282627582550049,0.0023971116787288387
111,8.779711559971084,169.4320603960808,18.66962308924021,0.4039689004421234,0.641589343547821,0.3775573819875717,0.630395770072937,0.09755235066634527,-0.0008529424667358398,-0.00010854005813598633,-0.0011719763278961182,-1.558661460876465e-05,0.0011720799698415768
112,8.904019852087195,169.6025118086263,14.875950931723212,0.4033084213733673,0.6415892839431763,0.3724385052919388,0.6302392184734344,0.09893355391208003,-0.0006604790687561035,-5.960464477539063e-08,-0.005118876695632935,-0.00015655159950256348,0.0051212700600925904
113,8.90184194069906,170.16117003933414,15.132977717031133,0.4029369056224823,0.64159095287323,0.37237831950187683,0.6302646398544312,0.0989093548966562,-0.00037151575088500977,1.6689300537109375e-06,-6.0185790061950684e-05,2.54213809967041e-05,6.533433964739209e-05
114,8.948673392691083,170.76710210918617,13.63394450567969,0.40126729011535645,0.6414596438407898,0.3694700300693512,0.6301716864109039,0.09942970436323417,-0.0016696155071258545,-0.00013130903244018555,-0.0029082894325256348,-9.295344352722168e-05,0.002909774521505721
115,9.07351292816155,171.01915681957504,12.299752959010505,0.39952462911605835,0.6412366628646851,0.3662208914756775,0.6297370493412018,0.10081681031290612,-0.0017426609992980957,-0.00022298097610473633,-0.003249138593673706,-0.00043463706970214844,0.003278080380841693
116,9.148004646207918,171.11257258597226,12.511586580088407,0.3968949019908905,0.6412372589111328,0.365439236164093,0.629775196313858,0.10164449606897696,-0.0026297271251678467,5.960464477539062e-07,-0.0007816553115844727,3.814697265625e-05,0.0007825855976511807
117,9.239448573326374,171.05935788540893,12.848471405316538,0.39503681659698486,0.6412307620048523,0.36715444922447205,0.6304839253425598,0.10266053970362632,-0.0018580853939056396,-6.496906280517578e-06,0.0017152130603790283,0.0007087290287017822,0.0018558697903191819
118,9.255231143578062,171.1603151167428,13.004543584480924,0.3933559060096741,0.6412210464477539,0.3669266253709793,0.6306972205638885,0.10283590159531175,-0.001680910587310791,-9.715557098388672e-06,-0.00022782385349273682,0.00021329522132873535,0.0003120874231076193
119,9.262828967097564,171.0671201493004,15.115310847126322,0.39206674695014954,0.6412210464477539,0.3667758107185364,0.6307184994220734,0.10292032185663957,-0.0012891590595245361,0.0,-0.00015081465244293213,2.1278858184814453e-05,0.00015230840159732444
120,9.257284397369812,170.60396959746396,14.855766977419213,0.39128607511520386,0.6412203907966614,0.3664286583662033,0.6307195425033569,0.1028587155263313,-0.0007806718349456787,-6.556510925292969e-07,-0.00034715235233306885,1.043081283569336e-06,0.0003471539193915968
121,9.2882707502847,170.40728008159462,14.544739848474073,0.3903491795063019,0.640789270401001,0.36597779393196106,0.6303562819957733,0.10320300833649665,-0.0009368956089019775,-0.0004311203956604004,-0.00045086443424224854,-0.00036326050758361816,0.0005789964891383114
122,9.009630929383222,169.90790533639216,16.214536899248316,0.3897191286087036,0.6405640244483948,0.36674585938453674,0.6302327215671539,0.10010701032648028,-0.0006300508975982666,-0.00022524595260620117,0.0007680654525756836,-0.00012356042861938477,0.0007779406911589699
123,8.86510659034049,169.74642582849478,16.565609333354587,0.38949915766716003,0.640537440776825,0.3671935051679611,0.6302115619182587,0.09850118433711652,-0.0002199709415435791,-2.658367156982422e-05,0.00044764578342437744,-2.1159648895263672e-05,0.00044814559928553965
124,8.08164534071111,170.16734068450864,15.147921505338227,0.38919565081596375,0.6404762864112854,0.3664965480566025,0.6300384700298309,0.08979605934123447,-0.00030350685119628906,-6.115436553955078e-05,-0.0006969571113586426,-0.00017309188842773438,0.0007181295265569175
125,7.7529349342216385,170.20506890653573,15.638148924939374,0.3887975513935089,0.6404769420623779,0.36647532880306244,0.6301668286323547,0.08614372149135163,-0.000398099422454834,6.556510925292969e-07,-2.1219253540039062e-05,0.0001283586025238037,0.0001301006824065896
126,7.597125102697332,169.75928991400698,14.046499741801853,0.3884534537792206,0.640474259853363,0.365060493350029,0.6301738023757935,0.08441250114108145,-0.0003440976142883301,-2.682209014892578e-06,-0.0014148354530334473,6.973743438720703e-06,0.001414852639767799
127,7.4310880660538094,169.42127788490734,13.14079321381548,0.38825950026512146,0.6404325366020203,0.36379946768283844,0.6296630501747131,0.08256764517837556,-0.0001939535140991211,-4.172325134277344e-05,-0.0012610256671905518,-0.0005107522010803223,0.0013605342863087905
128,7.087172809716488,169.459676251096,14.42295717774549,0.38801151514053345,0.6401215195655823,0.3642810583114624,0.6294263005256653,0.07874636455240547,-0.0002479851245880127,-0.0003110170364379883,0.0004815906286239624,-0.00023674964904785156,0.0005366376150650494
129,7.0095787702665575,169.62022152808612,12.38194877885159,0.38758188486099243,0.6401130557060242,0.36145059764385223,0.6292685568332672,0.0778842085585173,-0.0004296302795410156,-8.463859558105469e-06,-0.0028304606676101685,-0.0001577436923980713,0.002834852846865173
130,7.005482596839651,169.6696601582907,13.095218084742477,0.3875840902328491,0.6407964825630188,0.3614964187145233,0.6298398673534393,0.07783869552044065,2.205371856689453e-06,0.0006834268569946289,4.582107067108154e-05,0.0005713105201721191,0.0005731450784720929
131,7.114715350437418,169.82445526183537,12.604358467647232,0.3874816298484802,0.6410676836967468,0.36076778173446655,0.6299518644809723,0.07905239278263798,-0.00010246038436889648,0.00027120113372802734,-0.0007286369800567627,0.00011199712753295898,0.0007371941435482739
132,7.267335098645958,169.70550208994624,12.291716882207066,0.3876195549964905,0.6422438025474548,0.3602225333452225,0.6305414438247681,0.08074816776273286,0.0001379251480102539,0.0011761188507080078,-0.0005452483892440796,0.0005895793437957764,0.0008030564168250707
133,7.345426246004496,169.95510913669276,15.631444168220089,0.38862770795822144,0.6446732878684998,0.3650479316711426,0.633434534072876,0.08161584717782766,0.001008152961730957,0.002429485321044922,0.004825398325920105,0.00289309024810791,0.005626227882648342
134,8.128444476237839,168.910105835206,17.867079740606428,0.3889100253582001,0.6453285217285156,0.365451380610466,0.63377246260643,0.09031604973597596,0.0002823173999786377,0.0006552338600158691,0.0004034489393234253,0.00033792853355407715,0.0005262762966647898
135,8.201292147891504,169.10018221299728,20.86156347420397,0.38989347219467163,0.648419201374054,0.3689812868833542,0.6364786326885223,0.09112546830990564,0.0009834468364715576,0.00309067964553833,0.0035299062728881836,0.002706170082092285,0.004447875313965839
136,7.917948018346766,170.53538442678143,25.513752125218694,0.39098113775253296,0.6491246819496155,0.37227044999599457,0.6388390958309174,0.08797720020385291,0.0010876655578613281,0.0007054805755615234,0.003289163112640381,0.0023604631423950195,0.004048503455372062
137,7.840536762952905,172.58644371669783,28.28236159614275,0.39179855585098267,0.6489933729171753,0.3754738122224808,0.6388630270957947,0.0871170751439212,0.000817418098449707,-0.00013130903244018555,0.003203362226486206,2.3931264877319336e-05,0.0032034516165407104
138,8.094919322080615,173.16127019150704,27.32148025616645,0.3935665786266327,0.6486997604370117,0.37537409365177155,0.6385241150856018,0.08994354802311788,0.0017680227756500244,-0.0002936124801635742,-9.971857070922852e-05,-0.0003389120101928711,0.00035327771511555064
139,8.008477585910788,174.30502370686838,26.86313723134106,0.3942771852016449,0.6484895348548889,0.3751111179590225,0.6382546424865723,0.08898308428789758,0.000710606575012207,-0.00021022558212280273,-0.00026297569274902344,-0.000269472599029541,0.00037652582461839793
140,7.841486540284202,176.06433142644158,27.779602045406072,0.3955867290496826,0.6483897566795349,0.37543679773807526,0.6381174027919769,0.08712762822538012,0.0013095438480377197,-9.97781753540039e-05,0.0003256797790527344,-0.00013723969459533691,0.0003534148444200657
141,7.912715105965652,176.48722873577097,25.512881012194864,0.3968566358089447,0.648254930973053,0.3707852214574814,0.6369107365608215,0.08791905673295164,0.001269906759262085,-0.0001348257064819336,-0.004651576280593872,-0.0012066662311553955,0.004805539021545272
142,7.897073830768149,177.06242790120027,24.362873401119028,0.39744508266448975,0.6479437351226807,0.36851873993873596,0.6358785629272461,0.08774526478631273,0.0005884468555450439,-0.00031119585037231445,-0.0022664815187454224,-0.0010321736335754395,0.0024904459208468835
143,7.894667526073202,177.44358319962186,24.130265738667063,0.39815887808799744,0.6478875279426575,0.3709658533334732,0.6358640491962433,0.08771852806748004,0.0007137954235076904,-5.620718002319336e-05,0.0024471133947372437,-1.4513731002807617e-05,0.002447156434535818
144,7.9281870025948065,178.5862690377391,22.94635219877152,0.3987404406070709,0.6471423506736755,0.36238572001457214,0.6335311830043793,0.08809096669549787,0.0005815625190734863,-0.0007451772689819336,-0.008580133318901062,-0.0023328661918640137,0.00889162259878692
145,7.934673619411832,178.56154913581224,17.73441180529052,0.39951905608177185,0.6460086703300476,0.35999880731105804,0.6316315531730652,0.088163040215687,0.0007786154747009277,-0.0011336803436279297,-0.002386912703514099,-0.001899629831314087,0.003050564824784973
146,7.912215102343406,177.61088823912345,15.131952731125239,0.39978212118148804,0.644618034362793,0.3605305105447769,0.6286833584308624,0.08791350113714902,0.0002630650997161865,-0.0013906359672546387,0.0005317032337188721,-0.002948194742202759,0.0029957570940747345
147,7.974813597893676,177.04769908579198,16.693340805906804,0.39974796772003174,0.6434555053710938,0.3624031990766525,0.6283676326274872,0.0886090399765963,-3.415346145629883e-05,-0.0011625289916992188,0.0018726885318756104,-0.00031572580337524414,0.0018991169317173107
148,7.9493794101014075,176.95715331156543,19.205042561660758,0.3997032046318054,0.6426259279251099,0.3646906465291977,0.6280187964439392,0.08832643789001571,-4.476308822631836e-05,-0.0008295774459838867,0.002287447452545166,-0.00034883618354797363,0.00231389337072988
149,7.995834361375583,176.7900618021985,19.67707588469723,0.39974406361579895,0.6421269774436951,0.3655984252691269,0.6275631487369537,0.08884260401528432,4.0858983993530273e-05,-0.0004989504814147949,0.0009077787399291992,-0.00045564770698547363,0.0010157150552928536
150,7.995846076945971,176.74225286446492,20.389647736590774,0.399896502494812,0.6419950723648071,0.3669018894433975,0.6274721920490265,0.08884273418828847,0.00015243887901306152,-0.00013190507888793945,0.0013034641742706299,-9.09566879272461e-05,0.0013066338326729909
151,7.9936726888140095,176.97310158180125,20.442192330522857,0.3999399244785309,0.6419575810432434,0.3673439621925354,0.6274566054344177,0.08881858543126686,4.342198371887207e-05,-3.74913215637207e-05,0.0004420727491378784,-1.558661460876465e-05,0.0004423474404642619
152,7.944899645239997,177.97188292689208,20.509621289996783,0.40001893043518066,0.6433199644088745,0.36819933354854584,0.6282146275043488,0.08827666272488888,7.900595664978027e-05,0.0013623833656311035,0.000855371356010437,0.0007580220699310303,0.0011429162765424499
153,7.878063081622196,178.4892827878857,21.075798003840617,0.39998841285705566,0.644366979598999,0.36927638947963715,0.6291512250900269,0.08753403424024664,-3.0517578125e-05,0.0010470151901245117,0.0010770559310913086,0.0009365975856781006,0.0014273277536000666
154,8.198169773360114,179.09785924141858,21.820549098601585,0.3999800384044647,0.6463231444358826,0.3745024651288986,0.6320776343345642,0.09109077525955689,-8.374452590942383e-06,0.001956164836883545,0.005226075649261475,0.0029264092445373535,0.005989635861913262
155,8.485623469901494,179.88987194220744,22.742538929118084,0.39993903040885925,0.6475837826728821,0.3754020184278488,0.6333708763122559,0.09428470522112775,-4.100799560546875e-05,0.0012606382369995117,0.0008995532989501953,0.0012932419776916504,0.0015753320127884123
156,9.012712123455534,178.43796455618786,22.994318945389956,0.39986103773117065,0.650398850440979,0.3721032291650772,0.6347348690032959,0.10014124581617256,-7.799267768859863e-05,0.002815067768096924,-0.0032987892627716064,0.001363992691040039,0.0035696619813909394
157,9.468615534774825,174.93324692819456,22.86365304311874,0.39984527230262756,0.6521110534667969,0.37025727331638336,0.6356708109378815,0.10520683927527585,-1.576542854309082e-05,0.001712203025817871,-0.0018459558486938477,0.0009359419345855713,0.0020696715440481866
158,9.520286201991208,173.56298489815464,23.389818046572408,0.3998425304889679,0.6525558233261108,0.369862899184227,0.6360685527324677,0.10578095779990238,-2.7418136596679688e-06,0.00044476985931396484,-0.00039437413215637207,0.00039774179458618164,0.0005601156052769178
159,9.548735044759386,173.46595014284827,23.67653986991222,0.39974597096443176,0.6522218585014343,0.369623064994812,0.6359487771987915,0.106097056052882,-9.655952453613281e-05,-0.00033396482467651367,-0.00023983418941497803,-0.00011977553367614746,0.0002680794973132886
160,9.535658631217828,173.39239690274678,23.85612179137298,0.3997344672679901,0.652006208896637,0.37286005914211273,0.6372830271720886,0.105951762569087,-1.150369644165039e-05,-0.00021564960479736328,0.00323699414730072,0.0013342499732971191,0.003501193239583111
161,9.502363556753947,173.7895504504563,24.018391336300084,0.3997609317302704,0.6508484482765198,0.37409502267837524,0.6367782354354858,0.10558181729726612,2.6464462280273438e-05,-0.0011577606201171875,0.0012349635362625122,-0.0005047917366027832,0.0013341475305379323
162,8.98127190167803,175.37656911130497,24.534503320164234,0.3998440206050873,0.6489713191986084,0.3752777874469757,0.6357779800891876,0.09979191001864474,8.308887481689453e-05,-0.001877129077911377,0.0011827647686004639,-0.0010002553462982178,0.0015490136395915552
163,8.150453354263401,176.67258486649465,27.818357061151453,0.4000186622142792,0.6472477316856384,0.37821604311466217,0.6351809799671173,0.09056059282514894,0.00017464160919189453,-0.0017235875129699707,0.0029382556676864624,-0.0005970001220703125,0.0029982920995866276
164,7.658910016411211,177.89433368081893,29.643797490564392,0.4000287353992462,0.646108090877533,0.37992964684963226,0.6348219513893127,0.08509900018234684,1.0073184967041016e-05,-0.0011396408081054688,0.0017136037349700928,-0.00035902857780456543,0.0017508110349731694
165,7.58896497631262,179.86191187091694,29.276262882275407,0.40006083250045776,0.6459004282951355,0.3793625980615616,0.6345797181129456,0.0843218330701403,3.209710121154785e-05,-0.00020766258239746094,-0.0005670487880706787,-0.0002422332763671875,0.0006166208626311696
166,7.579007919765097,178.5830870173748,27.418055308409528,0.40004482865333557,0.6454488039016724,0.3775465041399002,0.6334209144115448,0.08421119910850117,-1.6003847122192383e-05,-0.00045162439346313477,-0.001816093921661377,-0.0011588037014007568,0.002154303402651422
167,7.3619156694611485,176.9789607054575,28.726799801931662,0.40010809898376465,0.6454203128814697,0.37737299501895905,0.6331983506679535,0.08179906299401285,6.327033042907715e-05,-2.849102020263672e-05,-0.0001735091209411621,-0.0002225637435913086,0.0002822056608417921
168,7.214428492362614,176.46464338360906,29.554366878783004,0.4001864790916443,0.6453991532325745,0.3787752836942673,0.6331508159637451,0.08016031658180678,7.838010787963867e-05,-2.1159648895263672e-05,0.0014022886753082275,-4.7534704208374023e-05,0.0014030941083911232
169,7.164316365134977,177.30418586042217,29.756998171818022,0.40015777945518494,0.6452047824859619,0.3785916268825531,0.6325289011001587,0.07960351516816644,-2.8699636459350586e-05,-0.00019437074661254883,-0.00018365681171417236,-0.0006219148635864258,0.0006484658217969067
170,7.172138836912434,178.77372286789839,28.300672631249302,0.40000641345977783,0.6449280381202698,0.3784487843513489,0.6321273744106293,0.07969043152124933,-0.0001513659954071045,-0.00027674436569213867,-0.00014284253120422363,-0.00040152668952941895,0.0004261779805730043
171,7.316810330040466,179.96214852136058,27.552250947274025,0.3998388946056366,0.6447451114654541,0.37770451605319977,0.6315563321113586,0.08129789255600517,-0.00016751885414123535,-0.00018292665481567383,-0.0007442682981491089,-0.0005710422992706299,0.0009380962675472376
172,7.639988448068581,178.45267867577232,27.29598053917211,0.39977484941482544,0.6446865200996399,0.3775167465209961,0.6311918497085571,0.08488876053409533,-6.404519081115723e-05,-5.8591365814208984e-05,-0.00018776953220367432,-0.00036448240280151367,0.00041000587700172245
173,7.917392293186456,177.4406735754897,27.005508655918682,0.39968442916870117,0.6445849537849426,0.3771620839834213,0.6309995353221893,0.08797102547984947,-9.042024612426758e-05,-0.00010156631469726562,-0.00035466253757476807,-0.00019231438636779785,0.00040344806203896483
174,8.049810932575896,176.50020024891975,26.421470974711017,0.3996814489364624,0.6444734930992126,0.3769703656435013,0.6309250593185425,0.0894423436952877,-2.9802322387695312e-06,-0.00011146068572998047,-0.00019171833992004395,-7.447600364685059e-05,0.00020567595139175414
175,8.11054163902069,176.16744383059614,26.307116541492736,0.39974096417427063,0.6445575952529907,0.37689802050590515,0.6310099065303802,0.0901171293224522,5.951523780822754e-05,8.410215377807617e-05,-7.234513759613037e-05,8.484721183776855e-05,0.00011150277256842634
176,8.179164976430064,176.26838417193386,25.837131851601985,0.4000573754310608,0.6458206176757812,0.37681399285793304,0.6323087811470032,0.09087961084922291,0.00031641125679016113,0.0012630224227905273,-8.402764797210693e-05,0.0012988746166229248,0.0013015897646075256
177,8.024846225651835,176.15492524427705,24.60889960936962,0.400427907705307,0.6458529829978943,0.37232571840286255,0.6322528719902039,0.08916495806279812,0.0003705322742462158,3.236532211303711e-05,-0.004488274455070496,-5.5909156799316406e-05,0.004488622663785893
178,7.925431745053507,176.92079360488452,23.94689007060346,0.40076953172683716,0.645897626876831,0.3726108819246292,0.6326934993267059,0.08806035272281665,0.00034162402153015137,4.464387893676758e-05,0.0002851635217666626,0.0004406273365020752,0.0005248530116320939
179,7.904869976088125,177.85153997210176,23.446399155809846,0.4011062681674957,0.6461527347564697,0.37322795391082764,0.6333430409431458,0.08783188862320135,0.00033673644065856934,0.0002551078796386719,0.0006170719861984253,0.0006495416164398193,0.0008959253024879491
180,7.649837205458008,178.13669480796258,23.08756401887974,0.40140244364738464,0.6462894678115845,0.37397488951683044,0.6340731382369995,0.08499819117175567,0.000296175479888916,0.0001367330551147461,0.0007469356060028076,0.0007300972938537598,0.0010444878448346657
181,7.494847085162905,178.57104126306658,22.69635838687519,0.40149563550949097,0.6462787985801697,0.37411436438560486,0.6340292096138,0.0832760787240322,9.319186210632324e-05,-1.0669231414794922e-05,0.00013947486877441406,-4.392862319946289e-05,0.00014622914537068324
182,7.47454962376011,179.23851235044893,22.22578295969077,0.4014936685562134,0.6460688710212708,0.3703395426273346,0.6332029700279236,0.0830505513751123,-1.9669532775878906e-06,-0.00020992755889892578,-0.0037748217582702637,-0.0008262395858764648,0.003864188292511109
183,7.4072849779625995,174.49181482456495,22.331969625604728,0.4009042978286743,0.6452091336250305,0.36884433031082153,0.6321783363819122,0.08230316642180668,-0.0005893707275390625,-0.0008597373962402344,-0.0014952123165130615,-0.0010246336460113525,0.0018126041983816746
184,7.549826205787346,169.4019771482836,19.085826946295953,0.39976179599761963,0.6448428630828857,0.3658246546983719,0.6308134496212006,0.08388695784208156,-0.0011425018310546875,-0.0003662705421447754,-0.003019675612449646,-0.00136488676071167,0.003313813011319308
185,7.600614473770636,162.80085718601813,19.567876013132413,0.39760273694992065,0.6447681784629822,0.36488187313079834,0.6306532323360443,0.08445127193078483,-0.0021590590476989746,-7.468461990356445e-05,-0.0009427815675735474,-0.00016021728515625,0.0009562984171372838
186,8.012335699055829,162.8628020136009,18.26639776506997,0.3960884213447571,0.6449586153030396,0.3640926480293274,0.6307059526443481,0.08902595221173137,-0.0015143156051635742,0.00019043684005737305,-0.0007892251014709473,5.272030830383301e-05,0.0007909840021767053
187,8.292695295928247,163.4040991144361,16.6675089247245,0.394976943731308,0.6450254917144775,0.35747699439525604,0.6297332942485809,0.0921410588436471,-0.0011114776134490967,6.687641143798828e-05,-0.00661565363407135,-0.0009726583957672119,0.00668677331460084
188,8.430732525728935,163.00095653500938,15.60090959444609,0.39342784881591797,0.6447620987892151,0.35261861979961395,0.6281844675540924,0.0936748058414325,-0.0015490949153900146,-0.00026339292526245117,-0.00485837459564209,-0.0015488266944885254,0.005099281110229234
189,8.507946902639777,163.11471793959086,15.938153146367078,0.3930777609348297,0.6449177265167236,0.3526674807071686,0.6285098195075989,0.09453274336266415,-0.00035008788108825684,0.00015562772750854492,4.8860907554626465e-05,0.0003253519535064697,0.0003290004284762222
190,8.587189284505202,162.5182714870798,19.563692764664385,0.39292120933532715,0.6449212431907654,0.35700222849845886,0.6288624107837677,0.09541321427228,-0.00015655159950256348,3.516674041748047e-06,0.004334747791290283,0.00035259127616882324,0.004349064154749427
191,8.601071995018007,162.3642149166146,22.032307995064013,0.39271411299705505,0.6448303461074829,0.36319373548030853,0.6300294399261475,0.0955674666113111,-0.00020709633827209473,-9.08970832824707e-05,0.00619150698184967,0.0011670291423797607,0.006300532971539539
192,8.64390832555461,163.66916082295361,23.246979454410784,0.3926187753677368,0.6444571614265442,0.3654218018054962,0.6300056874752045,0.09604342583949566,-9.53376293182373e-05,-0.0003731846809387207,0.002228066325187683,-2.3752450942993164e-05,0.00222819292889129
193,8.601376318517895,164.0054069903453,20.733546018283818,0.3926061987876892,0.6443884372711182,0.36421433091163635,0.6299532055854797,0.0955708479835321,-1.2576580047607422e-05,-6.872415542602539e-05,-0.0012074708938598633,-5.2481889724731445e-05,0.0012086109002767665
194,8.751883076679926,164.40008196560237,17.25154174236474,0.3924899995326996,0.6442762613296509,0.3603869378566742,0.629568338394165,0.09724314529644373,-0.00011619925498962402,-0.00011217594146728516,-0.003827393054962158,-0.00038486719131469727,0.0038466947308206075
195,8.765104351456737,165.1078781020039,16.346849898709564,0.39242178201675415,0.6440390944480896,0.3584686666727066,0.6290589570999146,0.09739004834951936,-6.821751594543457e-05,-0.0002371668815612793,-0.0019182711839675903,-0.0005093812942504883,0.0019847502709844185
196,8.77865263454637,165.54288641991803,15.364924705114307,0.39224910736083984,0.6440449953079224,0.3537042737007141,0.6288407146930695,0.09754058482829309,-0.00017267465591430664,5.900859832763672e-06,-0.004764392971992493,-0.00021824240684509277,0.004769388864384723
197,8.888811386383972,165.6973143769725,15.383506116485592,0.39183834195137024,0.6440290212631226,0.35381554067134857,0.6287554502487183,0.09876457095982194,-0.0004107654094696045,-1.5974044799804688e-05,0.00011126697063446045,-8.526444435119629e-05,0.00014017975682918034
198,8.883054244810216,165.53269308372973,15.581330596702829,0.3915407955646515,0.6440989971160889,0.3566393256187439,0.6287887692451477,0.0987006027201135,-0.00029754638671875,6.99758529663086e-05,0.0028237849473953247,3.331899642944336e-05,0.002823981512804126
199,8.898911709934021,165.35441961438698,15.366452442862498,0.39149099588394165,0.6442565321922302,0.35680852830410004,0.6288494765758514,0.09887679677704475,-4.979968070983887e-05,0.00015753507614135742,0.00016920268535614014,6.070733070373535e-05,0.00017976353560414206
200,8.898281507527857,166.1770812295005,14.941081067609838,0.3914923071861267,0.6442566514015198,0.3570367991924286,0.6288516521453857,0.09886979452808731,1.3113021850585938e-06,1.1920928955078125e-07,0.00022827088832855225,2.175569534301758e-06,0.00022828125538708812
201,8.7890840464826,167.78888422486995,18.243082056399658,0.39179879426956177,0.6453415751457214,0.36311596632003784,0.6306396126747131,0.0976564894053622,0.0003064870834350586,0.0010849237442016602,0.006079167127609253,0.0017879605293273926,0.00633664547058123
202,8.766536676365616,169.71891321293566,17.512972585984986,0.3923586308956146,0.6458795070648193,0.363134041428566,0.6308893859386444,0.09740596307072913,0.0005598366260528564,0.0005379319190979004,1.8075108528137207e-05,0.0002497732639312744,0.00025042642217463
203,8.895493461936606,172.72564434936524,19.87566330742596,0.39305415749549866,0.6467261910438538,0.3641870766878128,0.6315332055091858,0.09883881624374014,0.0006955265998840332,0.0008466839790344238,0.0010530352592468262,0.0006438195705413818,0.0012342556042526684
204,9.02372713605119,173.9333629608097,21.696785327946003,0.3938984274864197,0.6471079587936401,0.36504457890987396,0.6317046284675598,0.10026363484501322,0.0008442699909210205,0.00038176774978637695,0.0008575022220611572,0.00017142295837402344,0.0008744689196864143
205,9.111376257733905,175.97862957734793,22.89701281951111,0.3944176435470581,0.6476951837539673,0.3683983236551285,0.63301882147789,0.10123751397482117,0.0005192160606384277,0.0005872249603271484,0.0033537447452545166,0.0013141930103302002,0.003602042071481542
206,9.186058195990642,177.62032429171887,20.0938465876185,0.3948862850666046,0.6477985978126526,0.3683967590332031,0.6330146491527557,0.10206731328878493,0.0004686415195465088,0.00010341405868530273,-1.564621925354004e-06,-4.172325134277344e-06,4.456045196743512e-06
207,9.370131122347724,178.37088425752032,17.824133144910295,0.39531952142715454,0.6477620601654053,0.3676871210336685,0.6326553821563721,0.10411256802608593,0.00043323636054992676,-3.653764724731445e-05,-0.0007096379995346069,-0.000359266996383667,0.0007953985573748676
208,9.464116210129987,178.81130189584547,16.812264742813653,0.39570486545562744,0.6468391418457031,0.36753061413764954,0.6310662031173706,0.1051568467792221,0.0003853440284729004,-0.0009229183197021484,-0.00015650689601898193,-0.0015891790390014648,0.001596867066008663
209,9.537013323934792,178.88663800063142,18.37346523433925,0.39611518383026123,0.6461610198020935,0.36750464141368866,0.6303762197494507,0.10596681471038649,0.00041031837463378906,-0.0006781220436096191,-2.5972723960876465e-05,-0.0006899833679199219,0.0006904720344779114
210,9.759436164688324,178.83385310792133,16.578200476932786,0.3963921368122101,0.6454488039016724,0.3672304004430771,0.6294938325881958,0.10843817960764801,0.00027695298194885254,-0.0007122159004211426,-0.00027424097061157227,-0.0008823871612548828,0.0009240212185385289
211,9.974618313342248,177.25559551815138,15.719103362484883,0.39636099338531494,0.6452913284301758,0.3633830398321152,0.628516286611557,0.11082909237046945,-3.11434268951416e-05,-0.00015747547149658203,-0.003847360610961914,-0.000977545976638794,0.003969607009166516
212,10.077056125659974,173.86488458297254,15.109622082786904,0.39627745747566223,0.6458700895309448,0.3597986400127411,0.6288421750068665,0.11196729028511088,-8.353590965270996e-05,0.000578761100769043,-0.0035843998193740845,0.00032588839530944824,0.003599183978532681
213,10.247023493811374,170.71834135799787,14.505264018954772,0.39618805050849915,0.6461565494537354,0.3585568368434906,0.6291481554508209,0.11385581659790411,-8.940696716308594e-05,0.00028645992279052734,-0.0012418031692504883,0.0003059804439544678,0.001278944542676941
214,10.184903598826754,166.5751876902115,13.734325647941748,0.3954601287841797,0.6460422873497009,0.35637395083904266,0.6291123628616333,0.11316559554251948,-0.000727921724319458,-0.00011426210403442383,-0.002182886004447937,-3.579258918762207e-05,0.0021831794286900543
215,10.136458539302456,164.21859851597313,13.604532362103841,0.39488744735717773,0.6457713842391968,0.3563026338815689,0.6290061473846436,0.1126273171033606,-0.0005726814270019531,-0.0002709031105041504,-7.131695747375488e-05,-0.0001062154769897461,0.00012793684369825857
216,10.095040578779196,163.18028252165362,13.313126501730451,0.3939599096775055,0.6455858945846558,0.3538145422935486,0.628787100315094,0.11216711754199105,-0.0009275376796722412,-0.00018548965454101562,-0.0024880915880203247,-0.00021904706954956055,0.002497715229776155
217,10.098093767396131,163.02115199945771,13.34201096707353,0.3937009871006012,0.6456304788589478,0.3539495915174484,0.6288259327411652,0.11220104185995705,-0.0002589225769042969,4.458427429199219e-05,0.0001350492238998413,3.883242607116699e-05,0.0001405213513688298
218,10.082454526201081,163.07167530986501,13.21659926772411,0.39369890093803406,0.6463721990585327,0.3542845696210861,0.6294654905796051,0.11202727251334532,-2.086162567138672e-06,0.0007417201995849609,0.0003349781036376953,0.0006395578384399414,0.0007219726855128778
219,10.111164245070311,163.17226587164953,13.257803443018721,0.3937039077281952,0.6464011073112488,0.3545474261045456,0.6295560896396637,0.11234626938967018,5.0067901611328125e-06,2.8908252716064453e-05,0.00026285648345947266,9.059906005859375e-05,0.00027803186972032666
220,9.983898180632487,163.29929637705993,13.095711365249254,0.39383840560913086,0.6464119553565979,0.3546845018863678,0.6297195553779602,0.11093220200702758,0.00013449788093566895,1.0848045349121094e-05,0.0001370757818222046,0.0001634657382965088,0.00021333264531944317
221,10.018884626424072,163.43207418837562,13.013988429894122,0.39407777786254883,0.6464850902557373,0.3548492342233658,0.6297533512115479,0.11132094029360073,0.00023937225341796875,7.31348991394043e-05,0.00016473233699798584,3.3795833587646484e-05,0.00016816331710781002
222,10.010520180162032,163.46699130647667,13.208892703481572,0.39425113797187805,0.6464888453483582,0.35894568264484406,0.6299716532230377,0.11122800200180039,0.00017336010932922363,3.7550926208496094e-06,0.0040964484214782715,0.00021830201148986816,0.004102261015349017
223,10.069298436939642,163.7650375178048,13.218054150876414,0.3942999541759491,0.6464995741844177,0.35900019109249115,0.6298744082450867,0.11188109374377386,4.881620407104492e-05,1.0728836059570312e-05,5.4508447647094727e-05,-9.72449779510498e-05,0.00011147984841035723
224,10.099455133084383,164.06929085269016,13.551044694442536,0.3943041265010834,0.6465152502059937,0.3590598404407501,0.6298896670341492,0.11221616814538193,4.172325134277344e-06,1.5676021575927734e-05,5.964934825897217e-05,1.52587890625e-05,6.157008519869057e-05
225,10.111326740330385,163.84768141783888,13.908186954653337,0.39430683851242065,0.6468991041183472,0.36119329929351807,0.6306927800178528,0.11234807489255982,2.7120113372802734e-06,0.0003838539123535156,0.0021334588527679443,0.0008031129837036133,0.002279613375343993
226,10.02746873924537,163.78094270671596,14.309486749151617,0.3942749798297882,0.6477637887001038,0.36232899129390717,0.6316783130168915,0.11141631932494844,-3.185868263244629e-05,0.0008646845817565918,0.0011356920003890991,0.0009855329990386963,0.0015036860084279564
227,10.076703656127822,163.85959054533183,14.155605758130104,0.3940470218658447,0.6478080749511719,0.35805274546146393,0.6315247118473053,0.11196337395697575,-0.00022795796394348145,4.4286251068115234e-05,-0.004276245832443237,-0.00015360116958618164,0.004279003591817422
228,9.925888304664408,163.3367107343743,14.17537267230199,0.39392557740211487,0.6478298306465149,0.35773181915283203,0.6315943896770477,0.11028764782960454,-0.0001214444637298584,2.1755695343017578e-05,-0.00032092630863189697,6.967782974243164e-05,0.00032840325139942033
229,8.845675033309785,163.0700939983916,21.429056784560117,0.39392900466918945,0.6475476026535034,0.3653123825788498,0.6316540241241455,0.09828527814788657,3.427267074584961e-06,-0.0002822279930114746,0.007580563426017761,5.963444709777832e-05,0.007580797987227914
230,7.136655882037434,163.32599792199218,23.83463363690444,0.3937586843967438,0.647429883480072,0.3668201416730881,0.6318384110927582,0.07929617646708254,-0.0001703202724456787,-0.00011771917343139648,0.0015077590942382812,0.0001843869686126709,0.0015189917841951655
231,4.423501498156004,163.75714537929213,30.252423484216088,0.39362141489982605,0.6473391056060791,0.3723985403776169,0.6311134994029999,0.0491500166461778,-0.0001372694969177246,-9.077787399291992e-05,0.005578398704528809,-0.0007249116897583008,0.005625302575385339
232,1.315968203833627,165.94113286336335,36.91990355701096,0.3935739994049072,0.6466628909111023,0.38005903363227844,0.6308424770832062,0.01462186893148465,-4.741549491882324e-05,-0.0006762146949768066,0.00766049325466156,-0.00027102231979370117,0.00766528603527237
233,6.158467756270771,164.25346462830802,35.22024829378698,0.3926462233066559,0.6459967494010925,0.3817078769207001,0.6326249241828918,0.06842741951411968,-0.0009277760982513428,-0.0006661415100097656,0.0016488432884216309,0.001782447099685669,0.0024281272316233576
234,8.467908676638794,157.96037756333308,37.173738977795196,0.3903244435787201,0.6442483067512512,0.38298384845256805,0.6322489082813263,0.09408787418487552,-0.002321779727935791,-0.0017484426498413086,0.001275971531867981,-0.00037601590156555176,0.0013302222778046068
235,16.840681567956924,153.24629051838932,40.63031958939047,0.3836004436016083,0.6431204080581665,0.38411566615104675,0.633171021938324,0.18711868408841026,-0.006723999977111816,-0.0011278986930847168,0.0011318176984786987,0.0009221136569976807,0.0014598989345195287
236,19.824284680279987,152.11393630122535,43.756683516672005,0.37667959928512573,0.6389083862304688,0.3825210928916931,0.6308024525642395,0.22026982978088872,-0.006920844316482544,-0.004212021827697754,-0.0015945732593536377,-0.0023685693740844727,0.0028553081723864055
237,29.298506590370817,149.00669711558675,41.932003496011546,0.3716672360897064,0.6333498358726501,0.37983354926109314,0.6279927492141724,0.32553896211523137,-0.0050123631954193115,-0.0055585503578186035,-0.0026875436305999756,-0.0028097033500671387,0.003888100266422794
238,38.28867103210835,149.1209411501384,38.026516303501346,0.36054810881614685,0.6211909055709839,0.3715476244688034,0.6211862564086914,0.42542967813453714,-0.01111912727355957,-0.01215893030166626,-0.008285924792289734,-0.006806492805480957,0.01072310094956425
239,42.026887136478926,150.64578134874478,33.197832139938015,0.34641942381858826,0.6122759580612183,0.36329883337020874,0.6153154969215393,0.46696541262754365,-0.014128684997558594,-0.008914947509765625,-0.008248791098594666,-0.0058707594871521,0.010124641798317655
240,42.04393387175706,147.33435694876755,29.87267790682615,0.3249436020851135,0.5915008187294006,0.35033175349235535,0.5928047299385071,0.46715482079730064,-0.02147582173347473,-0.020775139331817627,-0.012967079877853394,-0.022510766983032227,0.025978448581911204
241,18.253082525579558,144.0232387442835,32.917876913204125,0.29194241762161255,0.5517345070838928,0.32275107502937317,0.5593258142471313,0.20281202806199505,-0.03300118446350098,-0.03976631164550781,-0.027580678462982178,-0.03347891569137573,0.043376625276162886
242,32.32521439861232,141.46440826527808,36.55938012137634,0.27885469794273376,0.5284068584442139,0.32173867523670197,0.5319695770740509,0.35916904887347023,-0.013087719678878784,-0.023327648639678955,-0.0010123997926712036,-0.027356237173080444,0.027374964212031932
243,34.631600770204784,141.9726250381687,34.36229387830449,0.2895107567310333,0.5143924951553345,0.32551561295986176,0.5184403657913208,0.38479556411338645,0.01065605878829956,-0.014014363288879395,0.00377693772315979,-0.013529211282730103,0.014046523288607006
244,19.471120778472354,141.21902748761244,58.38258028713553,0.28577810525894165,0.4932490289211273,0.2856167107820511,0.49376900494098663,0.2163457864274706,-0.003732651472091675,-0.021143466234207153,-0.03989890217781067,-0.024671360850334167,0.046910536569111067
245,18.930120354007933,140.55538543914312,54.959804516575964,0.2517705261707306,0.47156158089637756,0.25488029420375824,0.477798730134964,0.21033467060008804,-0.03400757908821106,-0.021687448024749756,-0.030736416578292847,-0.015970274806022644,0.03463779700636628
246,30.715662505693388,141.81899717453462,47.953513027590006,0.22828955948352814,0.45576900243759155,0.2299244925379753,0.4587734490633011,0.34128513895214874,-0.023480966687202454,-0.01579257845878601,-0.02495580166578293,-0.019025281071662903,0.03138078005145297
247,33.95017649566802,142.8413556950262,49.239409565754,0.2145797312259674,0.44295841455459595,0.217663936316967,0.4476138800382614,0.37722418328520024,-0.01370982825756073,-0.012810587882995605,-0.0122605562210083,-0.011159569025039673,0.016578818404009685
248,36.43009724688185,144.13887760244836,51.659602222955115,0.20466399192810059,0.4383688271045685,0.21506399661302567,0.4415523260831833,0.4047788582986872,-0.009915739297866821,-0.004589587450027466,-0.002599939703941345,-0.006061553955078125,0.006595613907321583
249,37.38476753573709,144.41610933731516,58.84291070355522,0.2053287923336029,0.42792579531669617,0.20511774718761444,0.4295180141925812,0.41538630595263437,0.0006648004055023193,-0.010443031787872314,-0.009946249425411224,-0.012034311890602112,0.015612576350903155
250,37.77313658773323,144.35039121556082,59.123445447015534,0.2078590989112854,0.4249112010002136,0.20499501377344131,0.42726515233516693,0.41970151764148034,0.002530306577682495,-0.003014594316482544,-0.00012273341417312622,-0.0022528618574142456,0.002256202570592135
251,36.697880184490984,143.50645795424904,59.33123340017784,0.21086657047271729,0.42145973443984985,0.20533721148967743,0.4242461174726486,0.40775422427212205,0.0030074715614318848,-0.0034514665603637695,0.0003421977162361145,-0.0030190348625183105,0.003038366465405081
252,26.03668532210236,140.64908056551639,68.69935508917922,0.2123878002166748,0.419800728559494,0.20587636530399323,0.42243432998657227,0.2892965035789151,0.0015212297439575195,-0.001659005880355835,0.0005391538143157959,-0.001811787486076355,0.001890307046538776
253,27.98031607135122,135.17269242562745,70.31858226073814,0.20723548531532288,0.42216044664382935,0.2028176486492157,0.42502570152282715,0.31089240079279135,-0.005152314901351929,0.002359718084335327,-0.003058716654777527,0.002591371536254883,0.004008859440430085
254,23.084636798511756,131.4650699226329,69.63141862685248,0.20560084283351898,0.422062486410141,0.1962568312883377,0.4258459806442261,0.25649596442790834,-0.001634642481803894,-9.796023368835449e-05,-0.006560817360877991,0.0008202791213989258,0.006611897025801373
255,33.88030258757535,121.41006154480911,61.33786868976353,0.18724234402179718,0.4269622564315796,0.1915065348148346,0.4306751489639282,0.376447806528615,-0.018358498811721802,0.004899770021438599,-0.004750296473503113,0.0048291683197021484,0.006773934104063235
256,38.37648247936617,115.76791738417133,54.23597189590079,0.17875584959983826,0.43268129229545593,0.18601223081350327,0.43497759103775024,0.42640536088184633,-0.008486494421958923,0.005719035863876343,-0.005494304001331329,0.0043024420738220215,0.006978422762891296
257,37.144431675438724,116.31223610483676,51.93240122385066,0.18302884697914124,0.4470164477825165,0.1883493810892105,0.4520481377840042,0.41271590750487475,0.0042729973793029785,0.014335155487060547,0.002337150275707245,0.017070546746253967,0.017229795054709163
258,11.876748931774245,115.7576082866331,58.85331746693699,0.20742149651050568,0.47878745198249817,0.2025877684354782,0.48870813846588135,0.1319638770197138,0.02439264953136444,0.03177100419998169,0.0142383873462677,0.036660000681877136,0.03932794584284295
259,16.918925393264313,117.3856388349668,40.876030643264876,0.29956063628196716,0.5189554691314697,0.28651127219200134,0.5318404138088226,0.1879880599251591,0.09213913977146149,0.04016801714897156,0.08392350375652313,0.043132275342941284,0.09435861200245822
260,23.745874189241032,116.37928951397507,27.905156082552693,0.3089413344860077,0.5706525444984436,0.32435111701488495,0.5707230567932129,0.26384304654712265,0.009380698204040527,0.05169707536697388,0.037839844822883606,0.03888264298439026,0.054256002264002685
261,21.928705190853165,116.45545786573132,60.45786128020725,0.37204664945602417,0.6141525506973267,0.3889782279729843,0.610000729560852,0.24365227989836846,0.06310531497001648,0.04350000619888306,0.06462711095809937,0.03927767276763916,0.07562670856802
262,5.243433974631401,120.47277200142162,67.14971850123344,0.4117549657821655,0.6248265504837036,0.41358041763305664,0.6150842607021332,0.0582603774959044,0.03970831632614136,0.010673999786376953,0.024602189660072327,0.005083531141281128,0.02512190329044646
263,22.98912162964544,141.27412195630572,47.66413748690006,0.4205957353115082,0.6268857717514038,0.39069923758506775,0.6020643413066864,0.25543468477383824,0.008840769529342651,0.0020592212677001953,-0.02288118004798889,-0.013019919395446777,0.02632616002102122
264,30.991903626548392,164.80666423018434,23.47907034866671,0.37949812412261963,0.5931259989738464,0.35983729362487793,0.5764351487159729,0.34435448473942654,-0.04109761118888855,-0.03375977277755737,-0.03086194396018982,-0.0256291925907135,0.04011626974001672
265,33.90438264815762,170.10999972111335,63.80212606084522,0.3601450026035309,0.5099399089813232,0.3485175222158432,0.49647456407546997,0.3767153627573069,-0.019353121519088745,-0.0831860899925232,-0.011319771409034729,-0.07996058464050293,0.08075786228475734
266,35.57485220096538,171.36084984716155,124.39779576371582,0.35514989495277405,0.48579004406929016,0.3461359888315201,0.4745827466249466,0.39527613556628205,-0.004995107650756836,-0.02414986491203308,-0.00238153338432312,-0.021891817450523376,0.022020975740136617
267,35.47258423305523,172.8937095911657,137.29576042122068,0.3181053102016449,0.459410160779953,0.31302088499069214,0.44680556654930115,0.3941398248117248,-0.03704458475112915,-0.026379883289337158,-0.03311510384082794,-0.027777180075645447,0.04322246910281332
268,33.44206525849018,179.77602795358672,108.82728796209894,0.2462758719921112,0.42705684900283813,0.2543476074934006,0.43040014803409576,0.37157850287211314,-0.07182943820953369,-0.03235331177711487,-0.058673277497291565,-0.016405418515205383,0.06092365098164443
269,31.466560898253423,174.63417175751098,95.28760192105446,0.23538735508918762,0.41485753655433655,0.2315843552350998,0.41341497004032135,0.349628454425038,-0.010888516902923584,-0.012199312448501587,-0.02276325225830078,-0.016985177993774414,0.0284017943949891
270,30.010304062979603,170.15177413064316,92.54605329385397,0.22757770121097565,0.4058924913406372,0.2202305644750595,0.4024684876203537,0.3334478229219956,-0.007809653878211975,-0.00896504521369934,-0.011353790760040283,-0.010946482419967651,0.015771304384654967
271,28.157557798097834,166.99608471800997,84.84257378445656,0.22641411423683167,0.39820152521133423,0.21525489538908005,0.4001341313123703,0.3128617533121981,-0.001163586974143982,-0.0076909661293029785,-0.004975669085979462,-0.0023343563079833984,0.005496044234337418
272,27.225648880425165,165.9915132505195,77.3263990162875,0.2339748591184616,0.4006935656070709,0.2163163498044014,0.3987119495868683,0.3025072097825019,0.007560744881629944,0.0024920403957366943,0.00106145441532135,-0.0014221817255020142,0.0017746228715299133
273,27.40154291737283,162.18182730655357,77.41846124145033,0.24042177200317383,0.40210092067718506,0.21819359064102173,0.4010889232158661,0.30446158797080924,0.006446912884712219,0.0014073550701141357,0.0018772408366203308,0.0023769736289978027,0.003028867245625992
274,28.47512885074706,164.69293275061924,78.98163218153863,0.2464810162782669,0.4085446000099182,0.22357793152332306,0.40537020564079285,0.3163903205638562,0.006059244275093079,0.006443679332733154,0.005384340882301331,0.004281282424926758,0.006878990183072528
275,27.994577272055096,163.36870638782167,79.3717182588185,0.2499791979789734,0.411699116230011,0.22851872444152832,0.40896591544151306,0.31105085857839,0.003498181700706482,0.0031545162200927734,0.004940792918205261,0.003595709800720215,0.006110692565624839
276,25.544671262028203,157.6967996425242,79.25728219669905,0.25373032689094543,0.41671499609947205,0.2330550104379654,0.41399072110652924,0.2838296806892022,0.003751128911972046,0.00501587986946106,0.004536285996437073,0.005024805665016174,0.006769531934532086
277,25.48732526362753,158.70883364742846,76.4335620409084,0.25512927770614624,0.4201107323169708,0.24306399375200272,0.41607892513275146,0.28319250292919473,0.0013989508152008057,0.0033957362174987793,0.010008983314037323,0.002088204026222229,0.010224497202102814
278,23.338196138774393,158.20331301996106,71.69051441247412,0.26571354269981384,0.42357006669044495,0.2593826353549957,0.42018313705921173,0.2593132904308266,0.010584264993667603,0.003459334373474121,0.01631864160299301,0.004104211926460266,0.01682684222616451
279,19.64455456689892,163.7184992447026,69.14102521177956,0.34372371435165405,0.4580899775028229,0.30398279428482056,0.44095857441425323,0.21827282852109908,0.07801017165184021,0.03451991081237793,0.04460015892982483,0.020775437355041504,0.049201554587826664
280,19.54622789568473,163.96803674099223,67.16226637542694,0.4499415159225464,0.4885125756263733,0.36625152826309204,0.4603458344936371,0.2171803099520525,0.10621780157089233,0.030422598123550415,0.062268733978271484,0.01938726007938385,0.0652170306334351
281,19.925743309706768,163.14226526608587,65.76281840784438,0.3738063871860504,0.4698634147644043,0.32776162028312683,0.4534355700016022,0.2213971478856308,-0.07613512873649597,-0.018649160861968994,-0.03848990797996521,-0.006910264492034912,0.039105303625672924
282,16.3459621438311,158.6856559872943,66.17685108136303,0.35729560256004333,0.48884400725364685,0.3243405222892761,0.462469220161438,0.18162180159812336,-0.01651078462600708,0.018980592489242554,-0.003421097993850708,0.009033650159835815,0.009659748790410183
283,12.867576071221462,162.24306894827305,64.58236577532239,0.3102472126483917,0.4793829023838043,0.3116111159324646,0.45783671736717224,0.1429730674580163,-0.04704838991165161,-0.00946110486984253,-0.012729406356811523,-0.004632502794265747,0.013546138502751017
284,10.308923384361865,153.0183653491058,66.03093958568267,0.3006354868412018,0.46803081035614014,0.3071816861629486,0.45250651240348816,0.11454359315957618,-0.009611725807189941,-0.011352092027664185,-0.004429429769515991,-0.005330204963684082,0.0069304352704542965
285,4.23641834921443,154.17617430954255,66.87827904036344,0.28963470458984375,0.4533371329307556,0.3010545074939728,0.4455612003803253,0.047071314991271485,-0.011000782251358032,-0.014693677425384521,-0.00612717866897583,-0.006945312023162842,0.009261731886674476
286,0.23083404472621352,156.00640613913754,65.11399773404348,0.27216243743896484,0.45047858357429504,0.29398730397224426,0.44383442401885986,0.0025648227191801265,-0.017472267150878906,-0.0028585493564605713,-0.007067203521728516,-0.001726776361465454,0.007275102900993759
287,1.6714572795656177,159.1867066390851,62.26300013546663,0.23958906531333923,0.4541509747505188,0.27721884846687317,0.4436010271310806,0.0185717475507291,-0.03257337212562561,0.003672391176223755,-0.016768455505371094,-0.00023339688777923584,0.016770079729769776
288,8.521958813762156,167.2858593533413,62.54693083442893,0.21813641488552094,0.4596664011478424,0.2642853185534477,0.44475068151950836,0.09468843126402393,-0.0214526504278183,0.005515426397323608,-0.012933529913425446,0.0011496543884277344,0.0129845254527958
289,11.434186610486345,168.894397080049,60.53122925921066,0.1885290890932083,0.47811785340309143,0.24825016409158707,0.4531758278608322,0.12704651789429278,-0.029607325792312622,0.018451452255249023,-0.016035154461860657,0.008425146341323853,0.018113786724162688
290,13.647458814274012,166.94798628920518,63.41297109886223,0.19500039517879486,0.49864667654037476,0.2472279593348503,0.4603675752878189,0.15163843126971133,0.006471306085586548,0.020528823137283325,-0.0010222047567367554,0.007191747426986694,0.007264030122340145
291,19.742539056643984,164.03998522369227,71.50841078170166,0.17310556769371033,0.5058688521385193,0.22614233195781708,0.46167534589767456,0.219361545073822,-0.021894827485084534,0.007222175598144531,-0.021085627377033234,0.0013077706098556519,0.021126143657825856
292,21.483816612556073,165.4680463434993,78.55132281654643,0.1594090461730957,0.5138953328132629,0.21659855544567108,0.46194492280483246,0.2387090734728452,-0.013696521520614624,0.008026480674743652,-0.009543776512145996,0.00026957690715789795,0.00954758303565161
293,23.530339908431195,168.32818406925992,82.44672041240979,0.15233950316905975,0.5255873203277588,0.21029893308877945,0.46652473509311676,0.26144822120479094,-0.00706954300403595,0.01169198751449585,-0.006299622356891632,0.004579812288284302,0.0077884480119834384
294,26.39712529416573,166.37252279044426,85.60866986348428,0.1585596650838852,0.5354040861129761,0.2101956531405449,0.47035667300224304,0.29330139215739703,0.0062201619148254395,0.009816765785217285,-0.0001032799482345581,0.0038319379091262817,0.0038333294780264365
295,27.14369794969144,164.79064048791108,85.3510717775791,0.16140379011631012,0.5430049300193787,0.2072698101401329,0.47401636838912964,0.3015966438854605,0.0028441250324249268,0.007600843906402588,-0.0029258430004119873,0.0036596953868865967,0.004685501850160648
296,28.990150500330383,162.49900390217562,87.94177296822805,0.1655009537935257,0.5519152879714966,0.20706138759851456,0.4777844697237015,0.3221127833370043,0.004097163677215576,0.00891035795211792,-0.00020842254161834717,0.0037681013345718384,0.003773861102830458
297,31.93122604526837,161.84924745343739,92.49424416167054,0.17143067717552185,0.5566019415855408,0.20983070880174637,0.4792284667491913,0.35479140050298197,0.005929723381996155,0.0046866536140441895,0.0027693212032318115,0.0014439970254898071,0.003123182245129589
298,33.767279899317444,163.43653819364206,93.82302146433139,0.1747836172580719,0.5627381801605225,0.20867044478654861,0.48241129517555237,0.37519199888130494,0.003352940082550049,0.0061362385749816895,-0.001160264015197754,0.003182828426361084,0.003387714476843494
299,35.20706468420858,164.18207221625278,94.63611189243869,0.1823280155658722,0.5608431696891785,0.21045569330453873,0.48116815090179443,0.3911896076023176,0.007544398307800293,-0.0018950104713439941,0.0017852485179901123,-0.0012431442737579346,0.0021754355785366377
300,37.1738256694938,166.00701178969584,96.59720716682617,0.28535643219947815,0.4679083824157715,0.2596391960978508,0.4346453845500946,0.41304250743882,0.10302841663360596,-0.09293478727340698,0.04918350279331207,-0.04652276635169983,0.06770069967167688
301,37.54541904991076,165.16451985527453,96.10312258203773,0.32660478353500366,0.4593620300292969,0.27949877828359604,0.4303532689809799,0.41717132277678626,0.04124835133552551,-0.00854635238647461,0.01985958218574524,-0.004292115569114685,0.020318101797436844
302,37.48351392053833,165.25899746742647,95.99976380793144,0.32586464285850525,0.4532877206802368,0.27836063504219055,0.4270990192890167,0.41648348800598145,-0.0007401406764984131,-0.006074309349060059,-0.001138143241405487,-0.003254249691963196,0.0034475369607300144
303,37.58092941797305,165.29219547391938,95.73531000654029,0.3162931799888611,0.45806390047073364,0.27093780785799026,0.4293956905603409,0.41756588242192283,-0.009571462869644165,0.004776179790496826,-0.007422827184200287,0.0022966712713241577,0.007770010446262507
304,38.15882920956918,165.2072725191125,96.04392345596082,0.3188086152076721,0.4568060338497162,0.2722022607922554,0.42880068719387054,0.4239869912174353,0.002515435218811035,-0.001257866621017456,0.0012644529342651367,-0.0005950033664703369,0.0013974513333503775
305,38.00948927153355,165.6602006672396,95.7703654444536,0.30018216371536255,0.4475342333316803,0.2629408687353134,0.42389997839927673,0.422327658572595,-0.01862645149230957,-0.009271800518035889,-0.009261392056941986,-0.004900708794593811,0.01047808806614056
306,37.88973537835989,165.89623708715405,95.44441650788102,0.30195268988609314,0.4453218877315521,0.26316166669130325,0.4225410968065262,0.42099705975955426,0.0017705261707305908,-0.002212345600128174,0.00022079795598983765,-0.0013588815927505493,0.0013767029165675361
307,37.240744522128,165.77237142232403,94.78270089022526,0.29420578479766846,0.44644564390182495,0.2596019208431244,0.42239339649677277,0.4137860502458667,-0.007746905088424683,0.0011237561702728271,-0.0035597458481788635,-0.00014770030975341797,0.0035628087073442368
308,36.99360135203566,165.5946494767382,94.68194101599809,0.28201913833618164,0.4509969651699066,0.25234854966402054,0.4244900196790695,0.41104001502261844,-0.012186646461486816,0.004551321268081665,-0.007253371179103851,0.002096623182296753,0.007550312724013394
309,36.63955822644124,165.29616600913755,94.34852209847021,0.2302165925502777,0.4921160936355591,0.2260267287492752,0.4447862207889557,0.4071062025160137,-0.05180254578590393,0.041119128465652466,-0.02632182091474533,0.02029620110988617,0.03323814128017494
310,36.54566760935599,165.77022278801056,94.11600593613043,0.21669407188892365,0.5032720565795898,0.21974293142557144,0.4500693529844284,0.4060629734372887,-0.013522520661354065,0.011155962944030762,-0.006283797323703766,0.005283132195472717,0.008209603802877882
311,36.60661484237144,166.1225752347688,94.17641157849353,0.229093536734581,0.4938911497592926,0.22615160048007965,0.44523885846138,0.40674016491523823,0.012399464845657349,-0.009380906820297241,0.006408669054508209,-0.004830494523048401,0.00802525491105496
312,36.724989232337805,166.23566146964535,94.39262454556241,0.23551760613918304,0.49270427227020264,0.2295779138803482,0.4444197565317154,0.4080554359148645,0.006424069404602051,-0.0011868774890899658,0.0034263134002685547,-0.0008191019296646118,0.0035228612643758987
313,37.38446121415325,164.57397086481447,94.81488109460213,0.2388136386871338,0.5051136612892151,0.2303633764386177,0.4504725784063339,0.4153829023794805,0.0032960325479507446,0.012409389019012451,0.0007854625582695007,0.00605282187461853,0.006103573058160593
314,37.429140898365084,164.80660822905355,95.34419795162327,0.23884913325309753,0.5080161690711975,0.2305418699979782,0.4515666663646698,0.4158793433151676,3.549456596374512e-05,0.002902507781982422,0.00017849355936050415,0.0010940879583358765,0.0011085523944806346
315,37.16210102493209,163.68773127441327,95.38498072222849,0.24031490087509155,0.5044450163841248,0.23129518330097198,0.44911833107471466,0.41291223361035656,0.0014657676219940186,-0.003571152687072754,0.0007533133029937744,-0.002448335289955139,0.002561606258679719
316,37.73436876984902,162.86963184528574,95.65413015708246,0.24124044179916382,0.5008369088172913,0.23145639896392822,0.4471363425254822,0.41927076410943354,0.0009255409240722656,-0.003608107566833496,0.0001612156629562378,-0.001981988549232483,0.0019885344098785674
317,37.87106531935682,160.74958411954756,95.57570099148062,0.24229125678539276,0.4911431074142456,0.23068097978830338,0.44228295981884,0.42078961465952025,0.0010508149862289429,-0.009693801403045654,-0.0007754191756248474,-0.004853382706642151,0.0049149362757883045
318,38.568246681537495,160.79109005685567,96.04998792917546,0.26442950963974,0.47159871459007263,0.2410288155078888,0.43256761133670807,0.4285360742393055,0.02213825285434723,-0.019544392824172974,0.010347835719585419,-0.009715348482131958,0.01419386135654395
319,39.28627778878072,161.08410094797014,96.35304141650596,0.27438661456108093,0.4546591341495514,0.24566354602575302,0.42407967150211334,0.43651419765311916,0.009957104921340942,-0.01693958044052124,0.004634730517864227,-0.008487939834594727,0.009670876361991295
320,39.576884328621944,160.99400056179178,96.52850949720437,0.2842986285686493,0.45086005330085754,0.25056523084640503,0.4222031235694885,0.43974315920691054,0.00991201400756836,-0.0037990808486938477,0.004901684820652008,-0.001876547932624817,0.0052486137431181565
321,39.76041901876518,160.97679693599056,96.45941943870707,0.28455090522766113,0.4478326737880707,0.25062236934900284,0.42067869007587433,0.44178243354183533,0.0002522766590118408,-0.0030273795127868652,5.713850259780884e-05,-0.0015244334936141968,0.0015255039445809064
322,40.22916652445719,161.02675298189786,96.54558369596246,0.2847886085510254,0.4469028115272522,0.24896737933158875,0.4204580783843994,0.4469907391606355,0.0002377033233642578,-0.0009298622608184814,-0.001654990017414093,-0.00022061169147491455,0.0016696291432997097
323,40.39346816478536,160.93667386539866,96.62771454754211,0.289995938539505,0.44782283902168274,0.25144949555397034,0.42090828716754913,0.4488163129420596,0.005207329988479614,0.000920027494430542,0.002482116222381592,0.00045020878314971924,0.002522615485926267
324,40.507177989983035,160.9917108376221,96.54547172837218,0.30086857080459595,0.4499523937702179,0.25656208395957947,0.4219643175601959,0.45007975544425594,0.010872632265090942,0.0021295547485351562,0.005112588405609131,0.0010560303926467896,0.005220513422582366
325,40.491932967525685,161.50707544051247,96.46660345524982,0.31155088543891907,0.45104753971099854,0.26167669147253036,0.42215220630168915,0.4499103663058409,0.01068231463432312,0.0010951459407806396,0.005114607512950897,0.0001878887414932251,0.005118057462623263
326,40.501617502938316,162.17334856762514,96.6854818325811,0.31483784317970276,0.45207834243774414,0.2634069696068764,0.42202962934970856,0.45001797225487017,0.0032869577407836914,0.0010308027267456055,0.0017302781343460083,-0.00012257695198059082,0.0017346145195266743
327,40.50357834770381,162.4918971679439,97.00942468619955,0.3140222728252411,0.4525968134403229,0.26307184994220734,0.4218401163816452,0.45003975941893115,-0.0008155703544616699,0.0005184710025787354,-0.00033511966466903687,-0.0001895129680633545,0.0003849939671112649
328,40.47664106166263,162.52718959576507,97.28285858091367,0.30949196219444275,0.45240744948387146,0.2608094587922096,0.4215984642505646,0.4497404562406959,-0.00453031063079834,-0.00018936395645141602,-0.002262391149997711,-0.00024165213108062744,0.002275260307754648
329,40.50667365630475,162.09826297757778,97.36169258105878,0.3071199357509613,0.4522140920162201,0.25931516289711,0.42150717973709106,0.4500741517367194,-0.0023720264434814453,-0.0001933574676513672,-0.00149429589509964,-9.128451347351074e-05,0.0014970815223332794
330,40.619026693236854,162.212694468986,97.51105256152803,0.30480584502220154,0.45131197571754456,0.2580220401287079,0.4210018515586853,0.45132251881374286,-0.0023140907287597656,-0.0009021162986755371,-0.0012931227684020996,-0.0005053281784057617,0.0013883526432613565
331,40.54597289809615,161.98938175606543,97.7382803083554,0.30203211307525635,0.4553925395011902,0.25715702027082443,0.4226801246404648,0.4505108099788462,-0.0027737319469451904,0.00408056378364563,-0.0008650198578834534,0.00167827308177948,0.0018880836558686437
332,40.44631597712539,161.48008993654437,98.20846008079273,0.30150115489959717,0.4537914991378784,0.2575797438621521,0.421445369720459,0.44940351085694874,-0.0005309581756591797,-0.0016010403633117676,0.00042272359132766724,-0.0012347549200057983,0.0013051110861315547
333,40.40675415848477,163.8077608577277,98.60008068202393,0.3011559545993805,0.45139965415000916,0.2584133744239807,0.4199289530515671,0.44896393509427523,-0.0003452003002166748,-0.0023918449878692627,0.0008336305618286133,-0.0015164166688919067,0.0017304506428407359
334,40.31090721962691,163.87526128496125,98.99545662577385,0.30881693959236145,0.4515383839607239,0.26337509602308273,0.4194277971982956,0.4478989691069657,0.007660984992980957,0.00013872981071472168,0.00496172159910202,-0.0005011558532714844,0.004986966855340406
335,40.12979015044768,163.80978998813677,99.27386902689003,0.3074708580970764,0.4445345103740692,0.26326172798871994,0.4157533645629883,0.4458865572271965,-0.0013460814952850342,-0.007003873586654663,-0.00011336803436279297,-0.003674432635307312,0.003676181103077856
336,39.87194256761788,164.26123720273995,98.94759749201113,0.3125708997249603,0.4501715302467346,0.2660011127591133,0.4182281643152237,0.4430215840846431,0.005100041627883911,0.005637019872665405,0.0027393847703933716,0.0024747997522354126,0.003691728962685046
337,40.332196729135426,164.19575177408396,98.69245534998485,0.3111068308353424,0.49788811802864075,0.2657589390873909,0.4416019916534424,0.44813551921261585,-0.00146406888961792,0.04771658778190613,-0.0002421736717224121,0.02337382733821869,0.023375081872030627
338,40.39003362759287,164.21357495290994,98.76319444912225,0.2954714596271515,0.49813321232795715,0.2581481337547302,0.44042567908763885,0.4487781514176986,-0.015635371208190918,0.00024509429931640625,-0.007610805332660675,-0.0011763125658035278,0.007701173226471629
339,40.230343775516374,164.0678916782237,98.95812762714522,0.29962971806526184,0.48601627349853516,0.2606625109910965,0.4333788901567459,0.44700381972795966,0.0041582584381103516,-0.012116938829421997,0.002514377236366272,-0.007046788930892944,0.007481933381373575
340,39.576415034478664,163.65696436392466,98.41364107894084,0.29972076416015625,0.48815786838531494,0.2606976255774498,0.43407271802425385,0.4397379448275407,9.104609489440918e-05,0.002141594886779785,3.5114586353302e-05,0.0006938278675079346,0.0006947158727892803
341,38.79850246767841,163.29466091290348,97.6212576303416,0.28570157289505005,0.48310622572898865,0.2536339610815048,0.4313010275363922,0.43109447186309346,-0.014019191265106201,-0.005051642656326294,-0.007063664495944977,-0.0027716904878616333,0.007587992110682263
342,38.87018678080278,162.71791676909697,97.48094079742303,0.29956892132759094,0.4624118208885193,0.2604442685842514,0.42053964734077454,0.43189096423114204,0.013867348432540894,-0.02069440484046936,0.006810307502746582,-0.010761380195617676,0.012735289238827625
343,39.14681901232207,162.45953823522433,98.37474307508997,0.3010924160480499,0.4611673653125763,0.26117848604917526,0.41901981830596924,0.43496465569246745,0.0015234947204589844,-0.0012444555759429932,0.0007342174649238586,-0.0015198290348052979,0.001687884943008978
344,39.85497162969859,161.8786717499934,99.33925597761159,0.300724595785141,0.4623773396015167,0.2604296952486038,0.4196862429380417,0.4428330181077621,-0.00036782026290893555,0.0012099742889404297,-0.0007487908005714417,0.0006664246320724487,0.001002401842203674
345,40.40993110896496,161.69943706912073,100.22789527194122,0.2784343361854553,0.46566641330718994,0.24899276345968246,0.421354204416275,0.4489992345440551,-0.02229025959968567,0.0032890737056732178,-0.011436931788921356,0.0016679614782333374,0.01155791954623799
346,40.95214561561954,161.5632295943303,100.93699798743047,0.2692793905735016,0.4839291572570801,0.24412114173173904,0.4304190129041672,0.45502384017355046,-0.009154945611953735,0.018262743949890137,-0.00487162172794342,0.009064808487892151,0.010290940247729165
347,41.0816063198209,161.38689091303164,101.420695544429,0.27435651421546936,0.49332407116889954,0.24641797691583633,0.4350222796201706,0.4564622924424544,0.0050771236419677734,0.009394913911819458,0.00229683518409729,0.004603266716003418,0.005144464629246869
348,41.16526750753417,161.60864122767165,101.69452312693849,0.28215041756629944,0.49048885703086853,0.25033529102802277,0.43313542008399963,0.4573918611948241,0.007793903350830078,-0.002835214138031006,0.003917314112186432,-0.0018868595361709595,0.00434805574513187
349,41.58045747782442,161.87216156513236,102.1494296773093,0.28267136216163635,0.4897972643375397,0.25060197710990906,0.4323357939720154,0.462005083086938,0.0005209445953369141,-0.0006915926933288574,0.0002666860818862915,-0.0007996261119842529,0.0008429254921040856
350,41.85220893216779,162.09619536419888,102.66314522056534,0.28349512815475464,0.49204927682876587,0.2506157383322716,0.4330618381500244,0.4650245436907532,0.0008237659931182861,0.0022520124912261963,1.376122236251831e-05,0.0007260441780090332,0.0007261745793276734
351,42.04907809571585,162.22116067963742,103.61844569976374,0.2783973515033722,0.4968506395816803,0.24801583588123322,0.4343356788158417,0.4672119788412872,-0.005097776651382446,0.004801362752914429,-0.0025999024510383606,0.0012738406658172607,0.002895196504005391
352,42.36705321464746,162.39197726282453,105.30126449770319,0.2794669270515442,0.4956064820289612,0.24853987246751785,0.4324837774038315,0.47074503571830517,0.001069575548171997,-0.0012441575527191162,0.0005240365862846375,-0.0018519014120101929,0.00192461767205079
353,42.85778214288347,162.65927007992076,106.47811115849656,0.2801491320133209,0.49557679891586304,0.24822643399238586,0.4318489283323288,0.4761975793653719,0.0006822049617767334,-2.968311309814453e-05,-0.0003134384751319885,-0.0006348490715026855,0.0007080091957601173
354,43.12593435647024,163.1572663772379,107.73535046136702,0.285839319229126,0.4960522949695587,0.2510223910212517,0.43098166584968567,0.4791770484052249,0.005690187215805054,0.0004754960536956787,0.002795957028865814,-0.0008672624826431274,0.0029273742365923208
355,43.422511479243944,163.37427349007095,108.19753684540129,0.28587454557418823,0.5053920149803162,0.25045906007289886,0.435213565826416,0.48247234976937714,3.522634506225586e-05,0.009339720010757446,-0.0005633309483528137,0.004231899976730347,0.004269229341511462
356,43.783515758199975,163.49284589613774,108.45648952463725,0.284721314907074,0.5087293982505798,0.2493273764848709,0.43633677065372467,0.4864835084244442,-0.0011532306671142578,0.003337383270263672,-0.001131683588027954,0.0011232048273086548,0.001594458161100908
357,43.87958825703742,163.6038691401227,108.49461371124151,0.2815966010093689,0.5060626268386841,0.24777203798294067,0.43467241525650024,0.48755098063374913,-0.003124713897705078,-0.002666771411895752,-0.0015553385019302368,-0.0016643553972244263,0.002277972068278422
358,44.032647715600376,163.69739319688347,108.51506567865272,0.2831128239631653,0.5071355104446411,0.24870873987674713,0.4353593438863754,0.48925164128444865,0.0015162229537963867,0.0010728836059570312,0.0009367018938064575,0.0006869286298751831,0.0011615857180607896
359,44.39292488717206,163.7609121258023,108.6861376723034,0.2949019968509674,0.5188969969749451,0.25506890565156937,0.4423348158597946,0.49325472096857836,0.011789172887802124,0.011761486530303955,0.006360165774822235,0.0069754719734191895,0.009439752006020959
360,44.50933076599088,163.8982800287793,107.72855451510696,0.3065555691719055,0.538364827632904,0.26197200268507004,0.45485496520996094,0.49454811962212086,0.01165357232093811,0.019467830657958984,0.006903097033500671,0.01252014935016632,0.014297093704819729
361,44.99756625475445,164.40604008471726,106.01926395388081,0.3191775381565094,0.553694486618042,0.2684777230024338,0.466391459107399,0.4999729583861606,0.012621968984603882,0.01532965898513794,0.006505720317363739,0.01153649389743805,0.013244436125912824
362,45.69650443538651,164.6144431589258,101.89715031671186,0.3286980986595154,0.5846155285835266,0.2718968689441681,0.48758000135421753,0.5077389381709612,0.009520560503005981,0.03092104196548462,0.003419145941734314,0.021188542246818542,0.021462639202020156
363,46.44936469701594,165.6011092952897,97.35229706263621,0.3431951105594635,0.6182045340538025,0.27902621775865555,0.5095245391130447,0.516104052189066,0.01449701189994812,0.03358900547027588,0.007129348814487457,0.02194453775882721,0.02307358558974367
364,46.87558136384276,165.84795307064186,94.45167925625869,0.3520374000072479,0.6263781189918518,0.2822904512286186,0.5192115008831024,0.5208397929315862,0.008842289447784424,0.008173584938049316,0.0032642334699630737,0.009686961770057678,0.010222154786589086
365,47.80613881168616,166.57091791040003,89.63838288075156,0.3574313819408417,0.626630425453186,0.2862534075975418,0.5285601615905762,0.5311793201298463,0.00539398193359375,0.0002523064613342285,0.003962956368923187,0.009348660707473755,0.010153939147220282
366,48.47154863185264,166.6273649337355,76.57014299938221,0.36205747723579407,0.6286952495574951,0.2924223765730858,0.5407098084688187,0.5385727625761405,0.004626095294952393,0.002064824104309082,0.006168968975543976,0.012149646878242493,0.013626081516239789
367,48.79888438836231,166.8991426024813,56.56267321495952,0.36562827229499817,0.6308592557907104,0.2984835356473923,0.5508128255605698,0.5422098265373589,0.0035707950592041016,0.002164006233215332,0.006061159074306488,0.010103017091751099,0.01178170631446323
368,48.8745895022651,167.26933689755552,42.535191556258724,0.36722421646118164,0.6312301754951477,0.30113764107227325,0.5536824315786362,0.5430509944696122,0.0015959441661834717,0.00037091970443725586,0.0026541054248809814,0.0028696060180664062,0.0039088251822389794
369,48.989454740988165,167.97296201300463,26.088526002271717,0.3694865107536316,0.6293321847915649,0.30752669274806976,0.5574759393930435,0.5443272748998684,0.002262294292449951,-0.0018979907035827637,0.006389051675796509,0.0037935078144073486,0.007430389145527157
370,49.91275555904177,169.2113854712224,2.189060330352903,0.36816316843032837,0.6271904110908508,0.3157828003168106,0.5709706246852875,0.554586172878242,-0.0013233423233032227,-0.0021417737007141113,0.008256107568740845,0.013494685292243958,0.015819919194588992
371,50.7447139518014,169.20988409357162,1.4911870423868454,0.3647562265396118,0.6254873275756836,0.3109820485115051,0.6042157709598541,0.5638301550200155,-0.0034069418907165527,-0.0017030835151672363,-0.004800751805305481,0.03324514627456665,0.0335899831603631
372,50.486879665856335,168.40055203644118,5.925688192378035,0.3642100989818573,0.6210420727729797,0.3096289485692978,0.6002486050128937,0.560965329620626,-0.0005461275577545166,-0.004445254802703857,-0.0013530999422073364,-0.003967165946960449,0.0041915731061648075
373,50.408770201895756,169.03638066969438,3.8091711998211104,0.3492596745491028,0.6192165613174438,0.30086763203144073,0.6019645035266876,0.5600974466877306,-0.014950424432754517,-0.0018255114555358887,-0.008761316537857056,0.0017158985137939453,0.008927764288228482
374,50.08778245963084,170.01004505981587,3.524498861619925,0.3347541391849518,0.6133810877799988,0.2932250052690506,0.5996395349502563,0.5565309162181205,-0.014505535364151001,-0.005835473537445068,-0.007642626762390137,-0.0023249685764312744,0.007988443071750265
375,49.781037532985835,170.59622516071238,5.019107680259702,0.3266427516937256,0.588311493396759,0.29150982201099396,0.5768724679946899,0.5531226392553982,-0.008111387491226196,-0.025069594383239746,-0.0017151832580566406,-0.022767066955566406,0.02283158319889275
376,49.503718947382964,171.3657274104742,4.917630845824925,0.3175840973854065,0.5770094990730286,0.28678153455257416,0.5705237984657288,0.5500413216375886,-0.009058654308319092,-0.011301994323730469,-0.0047282874584198,-0.006348669528961182,0.007915952695501039
377,49.21409700752537,172.021320499274,5.0815525654461124,0.30941128730773926,0.5746997594833374,0.28340066969394684,0.5696980655193329,0.5468233000836151,-0.008172810077667236,-0.002309739589691162,-0.0033808648586273193,-0.000825732946395874,0.003480241671359151
378,49.08575343989171,172.9922022623444,5.603277665414946,0.3006938099861145,0.5714086294174194,0.27860403060913086,0.5678135752677917,0.5453972604432412,-0.008717477321624756,-0.0032911300659179688,-0.004796639084815979,-0.0018844902515411377,0.005153547323750686
379,48.78809696181776,173.3768319270404,5.5109742017360785,0.2975059151649475,0.5715194344520569,0.2767419368028641,0.569086343050003,0.5420899662424195,-0.003187894821166992,0.00011080503463745117,-0.0018620938062667847,0.0012727677822113037,0.002255511288105693
380,48.50283009630942,174.0893989566335,5.323466921996807,0.2979379892349243,0.5673016309738159,0.2767524868249893,0.5640631914138794,0.5389203344034379,0.00043207406997680664,-0.004217803478240967,1.055002212524414e-05,-0.005023151636123657,0.005023162715108741
381,48.23841636461688,174.2870055682325,5.856777811825133,0.3024377226829529,0.5685985684394836,0.2793014645576477,0.5634309947490692,0.5359824040512987,0.0044997334480285645,0.0012969374656677246,0.0025489777326583862,-0.0006321966648101807,0.0026262064093641618
382,48.0790757921203,173.6562226878246,5.9485668442743105,0.29774969816207886,0.571479082107544,0.2764434367418289,0.5642273426055908,0.5342119532457811,-0.0046880245208740234,0.0028805136680603027,-0.0028580278158187866,0.0007963478565216064,0.00296689954406624
383,48.074167403130346,172.45210168945567,5.626734353925771,0.29404887557029724,0.5734416842460632,0.27340462803840637,0.5660438537597656,0.5341574155903372,-0.003700822591781616,0.001962602138519287,-0.0030388087034225464,0.0018165111541748047,0.003540349009524075
384,47.967077776827054,172.3559529254981,5.256058272461996,0.2937813103199005,0.5745483040809631,0.2715678736567497,0.5666368305683136,0.5329675308536339,-0.0002675652503967285,0.0011066198348999023,-0.0018367543816566467,0.0005929768085479736,0.0019301005554143108
385,48.08664615432315,171.97444987024133,5.279827365492494,0.29394158720970154,0.5745909810066223,0.27163298428058624,0.5645584464073181,0.5342960683813683,0.0001602768898010254,4.267692565917969e-05,6.511062383651733e-05,-0.0020783841609954834,0.002079403788111698
386,48.137034919388334,171.1592553929438,6.1533555092196055,0.29475581645965576,0.5744717717170715,0.2738717645406723,0.5622308552265167,0.5348559435487592,0.0008142292499542236,-0.00011920928955078125,0.0022387802600860596,-0.0023275911808013916,0.0032295228374940193
387,48.134420582865275,170.22315060771248,6.395920983512404,0.29528605937957764,0.571911633014679,0.27464915812015533,0.559179276227951,0.5348268953651697,0.000530242919921875,-0.002560138702392578,0.0007773935794830322,-0.003051578998565674,0.0031490435312819228
388,48.07282205857481,169.9036315324519,7.448395150634867,0.3002333343029022,0.5688744783401489,0.2792907655239105,0.552287757396698,0.5341424673174979,0.004947274923324585,-0.0030371546745300293,0.004641607403755188,-0.006891518831253052,0.008308883865604959
389,48.09820355080018,169.93881878106842,7.412714599692087,0.2992997169494629,0.5661906599998474,0.27893275022506714,0.5521711707115173,0.5344244838977797,-0.0009336173534393311,-0.0026838183403015137,-0.0003580152988433838,-0.00011658668518066406,0.0003765201314237164
390,48.12664250114972,170.07966477845244,7.407275332742485,0.2990609109401703,0.5652865171432495,0.2791055738925934,0.5523522198200226,0.5347404722349969,-0.00023880600929260254,-0.0009041428565979004,0.00017282366752624512,0.00018104910850524902,0.0002502934272963786
391,48.14674318034931,170.2215141565992,7.5440034252174275,0.2991461753845215,0.5644122362136841,0.2791282534599304,0.5492607653141022,0.5349638131149923,8.526444435119629e-05,-0.0008742809295654297,2.2679567337036133e-05,-0.00309145450592041,0.0030915376958643415
392,48.25018835127942,170.4174102852374,7.731790488787981,0.29921287298202515,0.5620433688163757,0.27965834736824036,0.5441435277462006,0.5361132039031047,6.669759750366211e-05,-0.0023688673973083496,0.0005300939083099365,-0.005117237567901611,0.0051446204794883465
393,48.423881180094135,170.4619097789089,7.561490478098281,0.2991863489151001,0.5610945224761963,0.2796374410390854,0.5427212715148926,0.5380431242232682,-2.6524066925048828e-05,-0.0009488463401794434,-2.0906329154968262e-05,-0.0014222562313079834,0.001422409878373011
394,48.61393238252216,170.51069473078257,7.319826991529538,0.29905039072036743,0.5617074966430664,0.2799103856086731,0.5441064238548279,0.5401548042502462,-0.00013595819473266602,0.0006129741668701172,0.0002729445695877075,0.0013851523399353027,0.0014117881366889522
395,48.792475949866436,170.85151185072385,7.108967203584646,0.29847899079322815,0.5619137287139893,0.279644712805748,0.5470234453678131,0.5421386216651827,-0.0005713999271392822,0.00020623207092285156,-0.00026567280292510986,0.0029170215129852295,0.0029290948338066354
396,48.88182104387229,170.46255075417992,7.369496837212574,0.297663152217865,0.5623547434806824,0.2799820601940155,0.5524576306343079,0.5431313449319144,-0.0008158385753631592,0.00044101476669311523,0.0003373473882675171,0.005434185266494751,0.005444646248468264
397,48.93270895140354,170.38822747411865,7.606030215594672,0.2973865866661072,0.562382161617279,0.28146155178546906,0.5522832274436951,0.543696766126706,-0.0002765655517578125,2.7418136596679688e-05,0.0014794915914535522,-0.00017440319061279297,0.0014897354939980745
398,48.873801637569606,170.04602793663372,15.825881762508978,0.29685312509536743,0.5621342062950134,0.28207314014434814,0.5541979670524597,0.5430422404174401,-0.0005334615707397461,-0.000247955322265625,0.0006115883588790894,0.0019147396087646484,0.0020100418130199723
399,48.7771700076967,169.43090878837916,13.965298385436853,0.29563742876052856,0.5620595812797546,0.281884104013443,0.5553200542926788,0.5419685556410744,-0.0012156963348388672,-7.462501525878906e-05,-0.00018903613090515137,0.0011220872402191162,0.0011378991314919536
400,48.68972037614496,169.02513243953285,13.209969196742136,0.29555022716522217,0.5619754195213318,0.28172779083251953,0.5553463995456696,0.5409968930682774,-8.720159530639648e-05,-8.416175842285156e-05,-0.00015631318092346191,2.6345252990722656e-05,0.00015851776835912155
401,48.61447567256885,168.79185013278553,17.85992193055128,0.29623478651046753,0.5620668530464172,0.2821270525455475,0.558100551366806,0.5401608408063205,0.0006845593452453613,9.143352508544922e-05,0.0003992617130279541,0.0027541518211364746,0.0027829412802571627
402,48.54847670621567,168.58064369846463,16.13047367536627,0.29728561639785767,0.5620653033256531,0.28290003538131714,0.5572131872177124,0.5394275189579519,0.0010508298873901367,-1.5497207641601562e-06,0.0007729828357696533,-0.0008873641490936279,0.0011768252196019395
403,48.44712007788037,168.50357265132124,15.354012108602804,0.297603964805603,0.5620765686035156,0.28347645699977875,0.5567666888237,0.5383013341986708,0.00031834840774536133,1.1265277862548828e-05,0.0005764216184616089,-0.00044649839401245117,0.0007291246108077814
404,48.47122074062442,168.647984976973,11.933950762707346,0.2976107597351074,0.5623239278793335,0.28250619769096375,0.5566241443157196,0.5385691193402713,6.794929504394531e-06,0.0002473592758178711,-0.0009702593088150024,-0.00014254450798034668,0.0009806742900155614
405,48.43442329827588,168.75946801097552,10.234864263106758,0.29793769121170044,0.5627325773239136,0.2811784893274307,0.5581562519073486,0.5381602588697321,0.0003269314765930176,0.0004086494445800781,-0.00132770836353302,0.0015321075916290283,0.0020273537360122507
